State,RewardsID,name,email,Total_Customer_Revenue,Customer_Rank
Maine,421.0,Rosita,rosita@sesamestreet.org,3637.75,1.0
Maine,89.0,Karen Walker,karen@willandgrace.nyc,3362.83,2.0
Maine,345.0,Maddy Perez,maddy@easthighland.high,2706.42,3.0
Maine,9.0,Mike H.,mike@centralperk.coffee,2695.2200000000003,4.0
Maine,208.0,Philip Banks,unclephil@banksresidence.la,2662.84,5.0
Maine,478.0,AJ Soprano,aj@northjersey.net,2574.08,6.0
Maine,99.0,Trent Lane,trent@lawndale.high,2558.21,7.0
Maine,353.0,Laura Palmer,laura@twinpeaks.wa,2488.1899999999996,8.0
Maine,358.0,James Hurley,james@twinpeaks.wa,2482.7799999999997,9.0
Maine,185.0,Nipsey,nipsey@wzhup.det,2112.13,10.0
Maine,66.0,Jeff Winger,jeff@greendale.edu,2101.12,11.0
Maine,6.0,P. Buffay,smellycat@centralperk.coffee,2045.55,12.0
Maine,394.0,Blanche Devereaux,blanche@goldengirls.house,2022.56,13.0
Maine,396.0,Stan Z.,stan@goldengirls.house,1886.82,14.0
Maine,337.0,Sayid Jarrah,sayid@dharma.initiative,1849.72,15.0
Maine,292.0,Beverly Crusher,crusher@enterprise.starfleet,1847.68,16.0
Maine,155.0,Jenny Piccalo,jenny@arnoldsdrivein.diner,1838.0,17.0
Maine,15.0,H. Schrader,hank@lospolloshermanos.biz,1749.52,18.0
Maine,273.0,Lucille Bluth,lucille@bluthcompany.biz,1738.06,19.0
Maine,436.0,Newman,newman@vandelayindustries.com,1622.06,20.0
Maine,50.0,Creed,creed@dundermifflin.com,1612.75,21.0
Maine,111.0,Teddy,teddy@bobsburgers.rest,1588.3600000000001,22.0
Maine,220.0,Izzie Stevens,izzie@seattlegrace.med,1529.64,23.0
Maine,479.0,Dr. Melfi,melfi@northjersey.net,1527.76,24.0
Maine,227.0,Debra Morgan,debra@miamimetro.gov,1517.8,25.0
Maine,453.0,Jesse Pinkman,jesse@lospolloshermanos.biz,1510.69,26.0
Maine,300.0,Julian Bashir,bashir@ds9.starfleet,1509.05,27.0
Maine,279.0,Adrian Veidt,ozymandias@keenecounty.police,1481.55,28.0
Maine,450.0,Aidan Shaw,aidan@manhattan.nyc,1479.6100000000001,29.0
Maine,45.0,Angela M.,angela@dundermifflin.com,1466.65,30.0
Maine,438.0,Estelle C.,estelle@vandelayindustries.com,1461.19,31.0
Maine,359.0,Log Lady,loglady@twinpeaks.wa,1459.8200000000002,32.0
Maine,8.0,Janice,ohmygod@centralperk.coffee,1447.8899999999999,33.0
Maine,270.0,George Michael,gmichael@bluthcompany.biz,1440.0300000000002,34.0
Maine,36.0,Ned Flanders,ned@springfield.power,1394.96,35.0
Maine,207.0,Carlton B.,carlton@banksresidence.la,1386.6000000000001,36.0
Maine,390.0,Dot Com,dotcom@tgs.nbc,1383.23,37.0
Maine,451.0,Smith Jerrod,smith@manhattan.nyc,1363.47,38.0
Maine,427.0,Frasier Crane,frasier@cheers.bar,1357.71,39.0
Maine,497.0,Mrs. Trumbull,trumbull@ricardoproductions.tv,1356.92,40.0
Maine,487.0,Betty Draper,betty@sterlingcooper.com,1334.3,41.0
Maine,184.0,Stan Winters,stan@wzhup.det,1330.1000000000001,42.0
Maine,325.0,Cigarette Smoking Man,csm@fbi.gov,1326.24,43.0
Maine,362.0,Wednesday Addams,wednesday@nevermore.academy,1324.8400000000001,44.0
Maine,352.0,Dale Cooper,coop@twinpeaks.wa,1322.24,45.0
Maine,240.0,Nicky Nichols,nicky@litchfield.pen,1319.5800000000002,46.0
Maine,247.0,Chidi Anagonye,chidi@thegoodplace.afterlife,1310.12,47.0
Maine,285.0,Pirate Jenny,jenny@keenecounty.police,1301.88,48.0
Maine,494.0,Ethel Mertz,ethel@ricardoproductions.tv,1296.79,49.0
Maine,250.0,Michael,michael@thegoodplace.afterlife,1295.34,50.0
Maine,199.0,Gonzo,gonzo@muppetstudios.com,1292.0,51.0
Maine,248.0,Tahani Al-Jamil,tahani@thegoodplace.afterlife,1292.0,51.0
Maine,7.0,Gunther,gunther@centralperk.coffee,1286.04,52.0
Maine,235.0,Lumen Pierce,lumen@miamimetro.gov,1282.12,53.0
Maine,176.0,Martin Payne,martin@wzhup.det,1277.4799999999998,54.0
Maine,31.0,Homer S.,donuts@springfield.power,1275.44,55.0
Maine,508.0,Gary,meow@bikinibottom.net,1273.0900000000001,56.0
Maine,416.0,Grover,grover@sesamestreet.org,1257.12,57.0
Maine,164.0,Dr. Ray Flemming,flemming@lapd.gov,1247.8500000000001,58.0
Maine,477.0,Meadow Soprano,meadow@northjersey.net,1241.0800000000002,59.0
Maine,91.0,Beverley L.,beverley@willandgrace.nyc,1204.6399999999999,60.0
Maine,97.0,Jane Lane,jane@lawndale.high,1194.2,61.0
Maine,128.0,Sonny Corinthos,sonny@generalhospital.med,1194.14,62.0
Maine,486.0,Pete Campbell,pete@sterlingcooper.com,1130.92,63.0
Maine,219.0,Alex Karev,alex@seattlegrace.med,1121.46,64.0
Maine,214.0,Nicky B.,nicky@banksresidence.la,1107.3400000000001,65.0
Maine,466.0,Stringer Bell,stringer@westbaltimore.net,1096.1100000000001,66.0
Maine,144.0,Victoria N.,victoria@genoa.city,1073.8400000000001,67.0
Maine,377.0,Sam Seaborn,sam@westwing.gov,1072.66,68.0
Maine,237.0,Alex Vause,alex@litchfield.pen,1065.12,69.0
Maine,404.0,Roman Roy,romulus@waystarroyco.com,1018.21,70.0
Maine,195.0,Marcus Walker,marcus@oliviapopeandassociates.com,1000.86,71.0
Maine,147.0,Arthur Fonzarelli,fonzie@arnoldsdrivein.diner,995.26,72.0
Maine,365.0,Pugsley A.,pugsley@nevermore.academy,977.16,73.0
Maine,272.0,Tobias Funke,tobias@bluthcompany.biz,967.16,74.0
Maine,34.0,Lisa S.,saxgirl@springfield.power,958.23,75.0
Maine,473.0,Carmela Soprano,carmela@northjersey.net,942.6800000000001,76.0
Maine,463.0,Lester Freamon,lester@westbaltimore.net,909.88,77.0
Maine,117.0,Mr. McFeely,speedydelivery@neighborhood.org,894.9200000000001,78.0
Maine,95.0,Leo Markus,leo@willandgrace.nyc,881.18,79.0
Maine,520.0,Vanessa D.,vanessa@danvillekids.com,855.08,80.0
Maine,16.0,Gus Fring,gus@lospolloshermanos.biz,835.26,81.0
Maine,3.0,Monica Geller,chefmonica@centralperk.coffee,827.45,82.0
Maine,448.0,Steve Brady,steve@manhattan.nyc,797.76,83.0
Maine,242.0,Lorna Morello,lorna@litchfield.pen,774.9,84.0
Maine,320.0,Shepherd Book,book@serenity.ship,740.6700000000001,85.0
Maine,54.0,Lucas S.,lucas@hawkins.ind,739.49,86.0
Maine,354.0,Audrey Horne,audrey@twinpeaks.wa,737.02,87.0
Maine,255.0,Bad Janet,badjanet@thegoodplace.afterlife,724.14,88.0
Maine,157.0,Sergeant Wilson,wilson@lapd.gov,716.5,89.0
Maine,302.0,Buffy Summers,buffy@sunnydale.high,703.9200000000001,90.0
Maine,85.0,Dar Adal,dar@cia.gov,680.17,91.0
Maine,492.0,Lucy Ricardo,lucy@ricardoproductions.tv,676.0,92.0
Maine,322.0,Fox Mulder,mulder@fbi.gov,672.15,93.0
Maine,304.0,Xander Harris,xander@sunnydale.high,665.96,94.0
Maine,142.0,Nick Newman,nick@genoa.city,664.4000000000001,95.0
Maine,1.0,Rachel,rachel@centralperk.coffee,651.5,96.0
Maine,483.0,Peggy Olson,peggy@sterlingcooper.com,643.25,97.0
Maine,406.0,Connor Roy,connor@waystarroyco.com,637.9000000000001,98.0
Maine,307.0,Angel,angel@sunnydale.high,634.8,99.0
Maine,319.0,River Tam,river@serenity.ship,626.51,100.0
Maine,2.0,R. Geller,rossg@centralperk.coffee,621.74,101.0
Maine,444.0,Charlotte York,charlotte@manhattan.nyc,601.44,102.0
Maine,93.0,Stan Walker,stan@willandgrace.nyc,599.48,103.0
Maine,4.0,Chandler Bing,chandlerb@centralperk.coffee,592.04,104.0
Maine,312.0,Malcolm Reynolds,mal@serenity.ship,586.54,105.0
Maine,264.0,Gina Cazador,gina@hollywoo.net,580.85,106.0
Maine,178.0,Pamela James,pam@wzhup.det,567.8,107.0
Maine,12.0,Jesse Pinkman,jesse@lospolloshermanos.biz,558.81,108.0
Maine,456.0,Mike Ehrmantraut,mike@lospolloshermanos.biz,558.31,109.0
Maine,150.0,Joanie C.,joanie@arnoldsdrivein.diner,556.91,110.0
Maine,432.0,Jerry Seinfeld,jerry@vandelayindustries.com,552.38,111.0
Maine,503.0,Patrick Star,patrick@bikinibottom.net,544.54,112.0
Maine,294.0,Tasha Yar,tasha@enterprise.starfleet,523.09,113.0
Maine,174.0,Cristian,cristian@paperboi.atl,464.68,114.0
Maine,311.0,Dawn Summers,dawn@sunnydale.high,464.26,115.0
Maine,109.0,Gene B.,gene@bobsburgers.rest,463.31,116.0
Maine,68.0,Abed Nadir,abed@greendale.edu,453.21,117.0
Maine,318.0,Simon Tam,simon@serenity.ship,450.33,118.0
Maine,225.0,April Kepner,april@seattlegrace.med,445.21999999999997,119.0
Maine,398.0,Big Daddy,bigdaddy@goldengirls.house,440.67,120.0
Maine,138.0,Jack Abbott,jack@genoa.city,440.45,121.0
Maine,187.0,Fitzgerald Grant,fitz@oliviapopeandassociates.com,436.56,122.0
Maine,326.0,Alex Krycek,krycek@fbi.gov,428.21999999999997,123.0
Maine,504.0,Squidward Tentacles,squidward@bikinibottom.net,422.5,124.0
Maine,194.0,Jake Ballard,jake@oliviapopeandassociates.com,416.12,125.0
Maine,405.0,Shiv Roy,shiv@waystarroyco.com,416.10999999999996,126.0
Maine,512.0,Phineas Flynn,phineas@danvillekids.com,415.04,127.0
Maine,426.0,Carla T.,carla@cheers.bar,414.29,128.0
Maine,241.0,Red Reznikov,red@litchfield.pen,414.03999999999996,129.0
Maine,213.0,Jazz,jazz@banksresidence.la,412.09000000000003,130.0
Maine,431.0,Coach,coach@cheers.bar,411.91999999999996,131.0
Maine,116.0,Fred Rogers,misterrogers@neighborhood.org,409.82,132.0
Maine,169.0,Vanessa K.,van@paperboi.atl,408.9,133.0
Maine,58.0,Tom H.,tom@pawnee.gov,408.56,134.0
Maine,106.0,Bob Belcher,bob@bobsburgers.rest,406.71,135.0
Maine,297.0,Kira Nerys,kira@ds9.starfleet,402.23,136.0
Maine,414.0,Cookie Monster,cookie@sesamestreet.org,400.4,137.0
Maine,330.0,The Lone Gunmen,lonegunmen@fbi.gov,397.74,138.0
Maine,245.0,Gloria Mendoza,gloria@litchfield.pen,393.56,139.0
Maine,393.0,Rose Nylund,rose@goldengirls.house,393.40999999999997,140.0
Maine,71.0,Shirley B.,shirley@greendale.edu,388.72,141.0
Maine,287.0,William Riker,riker@enterprise.starfleet,381.05,142.0
Maine,342.0,Rue Bennett,rue@easthighland.high,378.61,143.0
Maine,154.0,Al Delvecchio,al@arnoldsdrivein.diner,377.14000000000004,144.0
Maine,92.0,Elliot,elliot@willandgrace.nyc,375.76,145.0
Maine,332.0,Jack Shephard,jack@dharma.initiative,375.24,146.0
Maine,500.0,Jerry,jerry@ricardoproductions.tv,374.68,147.0
Maine,81.0,Jessica B.,jessica@cia.gov,371.99,148.0
Maine,269.0,Buster Bluth,buster@bluthcompany.biz,371.49,149.0
Maine,517.0,Perry the Platypus,agentp@danvillekids.com,370.37,150.0
Maine,409.0,Gerri Kellman,gerri@waystarroyco.com,363.56,151.0
Maine,98.0,Quinn M.,quinn@lawndale.high,363.35999999999996,152.0
Maine,268.0,Lindsay F.,lindsay@bluthcompany.biz,362.30000000000007,153.0
Maine,480.0,Junior Soprano,junior@northjersey.net,362.09000000000003,154.0
Maine,122.0,Henrietta Pussycat,meow@neighborhood.org,358.79999999999995,155.0
Maine,411.0,Frank Vernon,frank@waystarroyco.com,353.58,156.0
Maine,351.0,Cal Jacobs,cal@easthighland.high,349.97,157.0
Maine,410.0,Marcia Roy,marcia@waystarroyco.com,341.07,158.0
Maine,183.0,Mama Payne,mama@wzhup.det,339.84000000000003,159.0
Maine,171.0,Clark County,clark@paperboi.atl,338.12,160.0
Maine,423.0,Diane Chambers,diane@cheers.bar,324.46000000000004,161.0
Maine,62.0,Amy S.,amy@nypd99.com,323.77,162.0
Maine,173.0,Lucas,lucas@paperboi.atl,323.5,163.0
Maine,46.0,Kevin M.,kevin@dundermifflin.com,312.94,164.0
Maine,293.0,Wesley Crusher,wesley@enterprise.starfleet,312.02,165.0
Maine,118.0,Lady Aberlin,ladyaberlin@neighborhood.org,305.91999999999996,166.0
Maine,407.0,Tom Wambsgans,tom@waystarroyco.com,304.26,167.0
Maine,137.0,Nikki N.,nikki@genoa.city,303.72,168.0
Maine,198.0,Fozzie Bear,fozzie@muppetstudios.com,297.96,169.0
Maine,186.0,Olivia Pope,olivia@oliviapopeandassociates.com,296.6,170.0
Maine,507.0,Plankton,plankton@bikinibottom.net,295.23,171.0
Maine,188.0,Mellie Grant,mellie@oliviapopeandassociates.com,294.46,172.0
Maine,368.0,Xavier Thorpe,xavier@nevermore.academy,294.4,173.0
Maine,141.0,Sharon N.,sharon@genoa.city,287.22,174.0
Maine,215.0,Lisa W.,lisa@banksresidence.la,285.99,175.0
Maine,283.0,Joe Keene Jr.,keene@keenecounty.police,284.3,176.0
Maine,238.0,Suzanne Warren,crazyeyes@litchfield.pen,284.04,177.0
Maine,236.0,Piper Chapman,piper@litchfield.pen,283.47,178.0
Maine,24.0,Arya Stark,noface@westeros.kingdom,282.85,179.0
Maine,243.0,Dayanara Diaz,daya@litchfield.pen,282.17,180.0
Maine,457.0,Skyler White,skyler@lospolloshermanos.biz,279.48,181.0
Maine,65.0,Charles B.,charles@nypd99.com,276.57,182.0
Maine,408.0,Greg Hirsch,cousingreg@waystarroyco.com,275.09000000000003,183.0
Maine,135.0,Anna Devane,anna@generalhospital.med,274.21,184.0
Maine,22.0,Daenerys T.,dragonqueen@westeros.kingdom,273.76,185.0
Maine,64.0,Rosa D.,rosa@nypd99.com,271.08,186.0
Maine,454.0,Saul Goodman,saul@lospolloshermanos.biz,271.07,187.0
Maine,515.0,Isabella G.,isabella@danvillekids.com,269.64,188.0
Maine,474.0,Christopher Moltisanti,chrism@northjersey.net,269.48,189.0
Maine,378.0,Donna Moss,donna@westwing.gov,269.42999999999995,190.0
Maine,226.0,Dexter Morgan,dexter@miamimetro.gov,268.75,191.0
Maine,102.0,Jodie L.,jodie@lawndale.high,268.26,192.0
Maine,101.0,Brittany T.,brittany@lawndale.high,267.31,193.0
Maine,298.0,Odo,odo@ds9.starfleet,261.73,194.0
Maine,445.0,Samantha Jones,samantha@manhattan.nyc,259.7,195.0
Maine,493.0,Ricky Ricardo,ricky@ricardoproductions.tv,259.15,196.0
Maine,206.0,Will Smith,will@banksresidence.la,257.76,197.0
Maine,271.0,Maeby F.,maeby@bluthcompany.biz,257.12,198.0
Maine,412.0,Big Bird,bigbird@sesamestreet.org,254.95000000000002,199.0
Maine,452.0,Walter White,heisenberg@lospolloshermanos.biz,254.9,200.0
Maine,289.0,Geordi La Forge,geordi@enterprise.starfleet,253.95999999999998,201.0
Maine,299.0,Jadzia Dax,dax@ds9.starfleet,251.95,202.0
Maine,498.0,Marion Strong,marion@ricardoproductions.tv,250.84,203.0
Maine,112.0,Jimmy Pesto,jimmy@bobsburgers.rest,250.62,204.0
Maine,78.0,Saul B.,saul@cia.gov,250.20999999999998,205.0
Maine,327.0,John Doggett,doggett@fbi.gov,244.95,206.0
Maine,84.0,Fara S.,fara@cia.gov,243.29999999999998,207.0
Maine,511.0,Pearl Krabs,pearl@bikinibottom.net,239.4,208.0
Maine,204.0,Waldorf,waldorf@muppetstudios.com,238.47,209.0
Maine,509.0,Mrs. Puff,puff@bikinibottom.net,237.42,210.0
Maine,60.0,Andy Dwyer,andy@pawnee.gov,232.4,211.0
Maine,151.0,Howard C.,howard@arnoldsdrivein.diner,232.20000000000002,212.0
Maine,197.0,Miss Piggy,misspiggy@muppetstudios.com,231.2,213.0
Maine,221.0,Miranda Bailey,bailey@seattlegrace.med,230.7,214.0
Maine,510.0,Karen,karen@bikinibottom.net,229.25,215.0
Maine,391.0,Grizz,grizz@tgs.nbc,224.3,216.0
Maine,196.0,Kermit,kermit@muppetstudios.com,224.22,217.0
Maine,18.0,Marie S.,marie@lospolloshermanos.biz,223.2,218.0
Maine,123.0,Lady Elaine,ladyelaine@neighborhood.org,221.48,219.0
Maine,467.0,Avon Barksdale,avon@westbaltimore.net,220.99,220.0
Maine,374.0,Josh Lyman,josh@westwing.gov,219.3,221.0
Maine,385.0,Jenna Maroney,jenna@tgs.nbc,219.29,222.0
Maine,519.0,Buford,buford@danvillekids.com,215.73000000000002,223.0
Maine,126.0,Luke Spencer,luke@generalhospital.med,211.09,224.0
Maine,275.0,Ann Veal,her@bluthcompany.biz,207.96,225.0
Maine,472.0,Tony Soprano,tony@northjersey.net,206.16,226.0
Maine,232.0,James Doakes,doakes@miamimetro.gov,205.8,227.0
Maine,433.0,George Costanza,george@vandelayindustries.com,205.8,227.0
Maine,17.0,Mike E.,mike@lospolloshermanos.biz,202.5,228.0
Maine,55.0,Will B.,will@hawkins.ind,201.32999999999998,229.0
Maine,399.0,Harry Weston,harry@goldengirls.house,200.82,230.0
Maine,44.0,Dwight Schrute,dwight@dundermifflin.com,199.2,231.0
Maine,35.0,Maggie,maggie@springfield.power,197.4,232.0
Maine,468.0,Omar Little,omar@westbaltimore.net,197.2,233.0
Maine,469.0,Marlo Stanfield,marlo@westbaltimore.net,195.89,234.0
Maine,26.0,Cersei L.,queenregent@westeros.kingdom,195.8,235.0
Maine,161.0,Lieutenant Duffy,duffy@lapd.gov,192.52,236.0
Maine,403.0,Kendall Roy,kendall@waystarroyco.com,192.26,237.0
Maine,90.0,Rosario Salazar,rosario@willandgrace.nyc,189.0,238.0
Maine,443.0,Miranda Hobbes,miranda@manhattan.nyc,188.08,239.0
Maine,460.0,Hank Schrader,hank@lospolloshermanos.biz,187.44,240.0
Maine,344.0,Nate Jacobs,nate@easthighland.high,187.37,241.0
Maine,284.0,Red Scare,redscare@keenecounty.police,183.36,242.0
Maine,125.0,Handyman Negri,negri@neighborhood.org,182.12,243.0
Maine,267.0,Gob Bluth,gob@bluthcompany.biz,182.1,244.0
Maine,384.0,Tracy Jordan,tracy@tgs.nbc,180.67000000000002,245.0
Maine,191.0,Quinn Perkins,quinn@oliviapopeandassociates.com,177.11,246.0
Maine,274.0,George Bluth Sr.,george@bluthcompany.biz,176.36,247.0
Maine,136.0,Victor Newman,victor@genoa.city,173.72,248.0
Maine,446.0,Mr. Big,mrbig@manhattan.nyc,173.44,249.0
Maine,382.0,Liz Lemon,liz@tgs.nbc,173.14,250.0
Maine,429.0,Lilith S.,lilith@cheers.bar,172.05,251.0
Maine,258.0,Mr. Peanutbutter,mrpb@hollywoo.net,170.1,252.0
Maine,170.0,Tracy,tracy@paperboi.atl,169.45,253.0
Maine,375.0,C.J. Cregg,cj@westwing.gov,169.19,254.0
Maine,278.0,Wade Tillman,lookingglass@keenecounty.police,169.1,255.0
Maine,67.0,Britta P.,britta@greendale.edu,166.71,256.0
Maine,246.0,Eleanor Shellstrop,eleanor@thegoodplace.afterlife,166.57,257.0
Maine,190.0,Huck,huck@oliviapopeandassociates.com,165.5,258.0
Maine,388.0,Frank Rossitano,frank@tgs.nbc,163.94,259.0
Maine,107.0,Linda B.,linda@bobsburgers.rest,163.2,260.0
Maine,491.0,Harry Crane,harry@sterlingcooper.com,163.15,261.0
Maine,120.0,Daniel Tiger,daniel@neighborhood.org,162.4,262.0
Maine,108.0,Tina B.,tina@bobsburgers.rest,160.67000000000002,263.0
Maine,475.0,Paulie Gualtieri,paulie@northjersey.net,160.02,264.0
Maine,180.0,Cole Brown,cole@wzhup.det,159.95,265.0
Maine,324.0,Walter Skinner,skinner@fbi.gov,157.28,266.0
Maine,103.0,Mack M.,mack@lawndale.high,155.05,267.0
Maine,63.0,Terry J.,terry@nypd99.com,153.48000000000002,268.0
Maine,346.0,Cassie Howard,cassie@easthighland.high,152.4,269.0
Maine,252.0,Shawn,shawn@thegoodplace.afterlife,149.05,270.0
Maine,442.0,Carrie Bradshaw,carrie@manhattan.nyc,147.02,271.0
Maine,439.0,David Puddy,puddy@vandelayindustries.com,146.95,272.0
Maine,380.0,Abbey Bartlet,abbey@westwing.gov,146.7,273.0
Maine,203.0,Statler,statler@muppetstudios.com,145.78,274.0
Maine,336.0,Hugo Reyes,hurley@dharma.initiative,144.93,275.0
Maine,30.0,Brienne,brienne@westeros.kingdom,143.81,276.0
Maine,518.0,Baljeet,baljeet@danvillekids.com,143.69,277.0
Maine,428.0,Woody Boyd,woody@cheers.bar,142.47,278.0
Maine,470.0,Bubbles,bubbles@westbaltimore.net,141.76,279.0
Maine,441.0,Uncle Leo,hello@vandelayindustries.com,140.5,280.0
Maine,303.0,Willow R.,willow@sunnydale.high,138.92,281.0
Maine,19.0,Todd,todd@lospolloshermanos.biz,138.82000000000002,282.0
Maine,437.0,Frank Costanza,serenitynow@vandelayindustries.com,135.9,283.0
Maine,168.0,Darius,darius@paperboi.atl,135.85,284.0
Maine,280.0,Cal Abar,cal@keenecounty.police,134.56,285.0
Maine,316.0,Kaylee Frye,kaylee@serenity.ship,132.43,286.0
Maine,471.0,Cedric Daniels,daniels@westbaltimore.net,132.43,286.0
Maine,75.0,Magnitude,pop@greendale.edu,132.41,287.0
Maine,301.0,Miles O'Brien,obrien@ds9.starfleet,129.58999999999997,288.0
Maine,105.0,Jake M.,jake@lawndale.high,129.35000000000002,289.0
Maine,343.0,Jules Vaughn,jules@easthighland.high,126.12,290.0
Maine,165.0,Ken Franklin,franklin@lapd.gov,125.82,291.0
Maine,513.0,Ferb Fletcher,ferb@danvillekids.com,125.73,292.0
Maine,296.0,Benjamin Sisko,sisko@ds9.starfleet,124.68,293.0
Maine,381.0,Will Bailey,will@westwing.gov,124.59,294.0
Maine,77.0,Nicholas Brody,brody@cia.gov,122.58,295.0
Maine,379.0,Charlie Young,charlie@westwing.gov,122.54,296.0
Maine,114.0,Regular Sized Rudy,rudy@bobsburgers.rest,122.21,297.0
Maine,115.0,Gayle,gayle@bobsburgers.rest,122.11,298.0
Maine,13.0,Skyler W.,skyler@lospolloshermanos.biz,121.55999999999999,299.0
Maine,233.0,Hannah McKay,hannah@miamimetro.gov,121.44000000000001,300.0
Maine,212.0,Geoffrey,geoffrey@banksresidence.la,121.35000000000001,301.0
Maine,356.0,Shelly Johnson,shelly@twinpeaks.wa,120.38,302.0
Maine,251.0,Janet,janet@thegoodplace.afterlife,119.66,303.0
Maine,249.0,Jason Mendoza,jason@thegoodplace.afterlife,118.45,304.0
Maine,315.0,Jayne Cobb,jayne@serenity.ship,116.92999999999999,305.0
Maine,501.0,Betty Ramsey,betty@ricardoproductions.tv,114.83,306.0
Maine,192.0,Cyrus Beene,cyrus@oliviapopeandassociates.com,113.84,307.0
Maine,369.0,Bianca B.,bianca@nevermore.academy,112.0,308.0
Maine,476.0,Silvio Dante,silvio@northjersey.net,110.84,309.0
Maine,217.0,Derek Shepherd,mcdreamy@seattlegrace.med,110.25,310.0
Maine,290.0,Worf,worf@enterprise.starfleet,109.9,311.0
Maine,33.0,Bart,elbarto@springfield.power,108.25999999999999,312.0
Maine,328.0,Monica Reyes,reyes@fbi.gov,106.41,313.0
Maine,350.0,Elliot,elliot@easthighland.high,105.59,314.0
Maine,415.0,Oscar the Grouch,oscar@sesamestreet.org,104.28,315.0
Maine,373.0,Leo McGarry,leo@westwing.gov,103.2,316.0
Maine,357.0,Bobby Briggs,bobby@twinpeaks.wa,102.85,317.0
Maine,163.0,Commissioner Halperin,halperin@lapd.gov,101.48,318.0
Maine,129.0,Jason Morgan,jason@generalhospital.med,101.25,319.0
Maine,465.0,Bunk Moreland,bunk@westbaltimore.net,100.43,320.0
Maine,239.0,Tasha Jefferson,tastyee@litchfield.pen,100.41999999999999,321.0
Maine,291.0,Deanna Troi,troi@enterprise.starfleet,100.21,322.0
Maine,32.0,Marge,marge@springfield.power,99.97,323.0
Maine,462.0,Jimmy McNulty,mcnulty@westbaltimore.net,98.64,324.0
Maine,372.0,Josiah Bartlet,president@westwing.gov,98.21000000000001,325.0
Maine,152.0,Marion C.,marion@arnoldsdrivein.diner,97.72,326.0
Maine,331.0,Samantha M.,samantha@fbi.gov,97.66999999999999,327.0
Maine,72.0,Pierce H.,pierce@greendale.edu,97.56,328.0
Maine,495.0,Fred Mertz,fred@ricardoproductions.tv,96.94999999999999,329.0
Maine,386.0,Kenneth Parcell,kenneth@tgs.nbc,96.76,330.0
Maine,506.0,Sandy Cheeks,sandy@bikinibottom.net,96.47,331.0
Maine,56.0,Leslie Knope,leslie@pawnee.gov,95.50999999999999,332.0
Maine,42.0,Jim H.,jim@dundermifflin.com,92.2,333.0
Maine,314.0,Hoban Washburne,wash@serenity.ship,92.1,334.0
Maine,490.0,Ken Cosgrove,ken@sterlingcooper.com,91.83,335.0
Maine,70.0,Annie Edison,annie@greendale.edu,91.3,336.0
Maine,265.0,Beatrice Horseman,beatrice@hollywoo.net,87.86,337.0
Maine,422.0,Sam Malone,sam@cheers.bar,87.36,338.0
Maine,309.0,Anya Jenkins,anya@sunnydale.high,87.28,339.0
Maine,502.0,SpongeBob SquarePants,spongebob@bikinibottom.net,84.1,340.0
Maine,202.0,Scooter,scooter@muppetstudios.com,81.78,341.0
Maine,341.0,Ben Linus,ben@dharma.initiative,81.5,342.0
Maine,401.0,Angela Petrillo,angela@goldengirls.house,79.19,343.0
Maine,40.0,Milhouse,milhouse@springfield.power,77.35,344.0
Maine,485.0,Joan Holloway,joan@sterlingcooper.com,76.86,345.0
Maine,200.0,Animal,animal@muppetstudios.com,76.81,346.0
Maine,323.0,Dana Scully,scully@fbi.gov,76.2,347.0
Maine,488.0,Sally Draper,sally@sterlingcooper.com,75.94999999999999,348.0
Maine,37.0,Mr. Burns,monty@springfield.power,75.7,349.0
Maine,366.0,Uncle Fester,fester@nevermore.academy,74.77,350.0
Maine,418.0,Ernie,ernie@sesamestreet.org,74.28,351.0
Maine,61.0,Jake P.,jake@nypd99.com,71.74,352.0
Maine,76.0,Carrie Mathison,carrie@cia.gov,70.9,353.0
Maine,228.0,Rita B.,rita@miamimetro.gov,70.9,353.0
Maine,21.0,Jon Snow,knowsnothing@westeros.kingdom,70.6,354.0
Maine,321.0,Serenity,serenity@serenity.ship,70.55,355.0
Maine,73.0,Dean Pelton,dean@greendale.edu,70.10000000000001,356.0
Maine,266.0,Michael Bluth,michael@bluthcompany.biz,68.78,357.0
Maine,395.0,Sophia Petrillo,sophia@goldengirls.house,67.97,358.0
Maine,47.0,Stanley H.,stanley@dundermifflin.com,66.16,359.0
Maine,419.0,Count von Count,count@sesamestreet.org,65.81,360.0
Maine,256.0,BoJack Horseman,bojack@hollywoo.net,65.5,361.0
Maine,148.0,Potsie W.,potsie@arnoldsdrivein.diner,64.32,362.0
Maine,149.0,Ralph Malph,ralph@arnoldsdrivein.diner,63.72,363.0
Maine,158.0,Dog,dog@lapd.gov,63.7,364.0
Maine,339.0,Sun Kwon,sun@dharma.initiative,63.36,365.0
Maine,481.0,Adriana La Cerva,adriana@northjersey.net,63.06,366.0
Maine,59.0,April L.,april@pawnee.gov,61.76,367.0
Maine,38.0,Krusty,krusty@springfield.power,61.730000000000004,368.0
Maine,53.0,Dustin H.,dustin@hawkins.ind,60.43,369.0
Maine,82.0,Dana B.,dana@cia.gov,59.120000000000005,370.0
Maine,29.0,Samwell T.,maester@westeros.kingdom,59.06,371.0
Maine,86.0,Will Truman,will@willandgrace.nyc,58.42,372.0
Maine,201.0,Rowlf,rowlf@muppetstudios.com,57.7,373.0
Maine,347.0,Lexi Howard,lexi@easthighland.high,57.7,373.0
Maine,387.0,Pete Hornberger,pete@tgs.nbc,57.7,373.0
Maine,41.0,Michael Scott,mscott@dundermifflin.com,57.61,374.0
Maine,133.0,Alexis D.,alexis@generalhospital.med,57.33,375.0
Maine,119.0,King Friday,kingfriday@neighborhood.org,57.12,376.0
Maine,305.0,Rupert Giles,giles@sunnydale.high,57.12,376.0
Maine,458.0,Kim Wexler,kim@lospolloshermanos.biz,56.669999999999995,377.0
Maine,100.0,Kevin T.,kevin@lawndale.high,53.849999999999994,378.0
Maine,175.0,Sierra,sierra@paperboi.atl,53.76,379.0
Maine,306.0,Cordelia Chase,cordy@sunnydale.high,52.96,380.0
Maine,286.0,Jean-Luc Picard,picard@enterprise.starfleet,52.9,381.0
Maine,166.0,Earnest Marks,earn@paperboi.atl,52.85,382.0
Maine,276.0,Angela Abar,sisternight@keenecounty.police,51.839999999999996,383.0
Maine,277.0,Laurie Blake,laurie@keenecounty.police,51.61,384.0
Maine,48.0,Andy B.,andy@dundermifflin.com,50.96,385.0
Maine,447.0,Stanford Blatch,stanford@manhattan.nyc,50.96,385.0
Maine,516.0,Dr. Doofenshmirtz,doof@danvillekids.com,50.96,385.0
Maine,254.0,Mindy St. Claire,mindy@thegoodplace.afterlife,50.51,386.0
Maine,370.0,Eugene O.,eugene@nevermore.academy,48.56,387.0
Maine,317.0,Inara Serra,inara@serenity.ship,48.08,388.0
Maine,253.0,Vicky,vicky@thegoodplace.afterlife,47.519999999999996,389.0
Maine,156.0,Lt. Columbo,columbo@lapd.gov,45.79,390.0
Maine,216.0,Meredith Grey,meredith@seattlegrace.med,45.36,391.0
Maine,5.0,Joey,howyoudoing@centralperk.coffee,44.0,392.0
Maine,10.0,Emily,emily@centralperk.coffee,42.3,393.0
Maine,440.0,Jackie Chiles,jackie@vandelayindustries.com,42.15,394.0
Maine,420.0,Abby Cadabby,abby@sesamestreet.org,41.93,395.0
Maine,263.0,Herb Kazzaz,herb@hollywoo.net,39.75,396.0
Maine,376.0,Toby Ziegler,toby@westwing.gov,39.75,396.0
Maine,51.0,Eleven,eleven@hawkins.ind,37.3,397.0
Maine,484.0,Roger Sterling,roger@sterlingcooper.com,37.18,398.0
Maine,153.0,Chachi A.,chachi@arnoldsdrivein.diner,36.57,399.0
Maine,231.0,Maria LaGuerta,maria@miamimetro.gov,34.84,400.0
Maine,69.0,Troy Barnes,troy@greendale.edu,34.25,401.0
Maine,229.0,Angel Batista,angel@miamimetro.gov,33.25,402.0
Maine,140.0,Phyllis S.,phyllis@genoa.city,33.1,403.0
Maine,210.0,Hilary B.,hilary@banksresidence.la,32.53,404.0
Maine,124.0,Chef Brockett,chef@neighborhood.org,32.17,405.0
Maine,417.0,Bert,bert@sesamestreet.org,31.509999999999998,406.0
Maine,179.0,Thomas M.,tommy@wzhup.det,30.83,407.0
Maine,104.0,Helen M.,helen@lawndale.high,30.4,408.0
Maine,11.0,Walter White,heisenberg@lospolloshermanos.biz,30.22,409.0
Maine,121.0,X the Owl,xowl@neighborhood.org,29.3,410.0
Maine,139.0,Ashley A.,ashley@genoa.city,28.0,411.0
Maine,459.0,Jimmy McGill,jimmy@lospolloshermanos.biz,28.0,411.0
Maine,211.0,Ashley B.,ashley@banksresidence.la,27.93,412.0
Maine,295.0,Guinan,guinan@enterprise.starfleet,27.479999999999997,413.0
Maine,413.0,Elmo,elmo@sesamestreet.org,26.52,414.0
Maine,146.0,Richie C.,richie@arnoldsdrivein.diner,26.4,415.0
Maine,205.0,Swedish Chef,chef@muppetstudios.com,26.38,416.0
Maine,363.0,Morticia Addams,morticia@nevermore.academy,26.0,417.0
Maine,87.0,Grace Adler,grace@willandgrace.nyc,23.44,418.0
Maine,361.0,Lucy Moran,lucy@twinpeaks.wa,23.44,418.0
Maine,27.0,J. Lannister,kingslayer@westeros.kingdom,23.24,419.0
Maine,338.0,Claire Littleton,claire@dharma.initiative,23.0,420.0
Maine,259.0,Todd Chavez,todd@hollywoo.net,21.75,421.0
Maine,88.0,Jack McFarland,jack@willandgrace.nyc,20.36,422.0
Maine,244.0,Sophia Burset,sophia@litchfield.pen,20.36,422.0
Maine,257.0,Diane Nguyen,diane@hollywoo.net,20.36,422.0
Maine,364.0,Gomez Addams,gomez@nevermore.academy,20.36,422.0
Maine,160.0,Captain Sampson,sampson@lapd.gov,19.48,423.0
Maine,340.0,Jin Kwon,jin@dharma.initiative,19.48,423.0
Maine,333.0,Kate Austen,kate@dharma.initiative,19.36,424.0
Maine,435.0,Kramer,kramer@vandelayindustries.com,19.36,424.0
Maine,177.0,Gina Waters,gina@wzhup.det,18.0,425.0
Maine,308.0,Spike,spike@sunnydale.high,17.81,426.0
Maine,52.0,Mike W.,mike@hawkins.ind,17.7,427.0
Maine,113.0,Mort,mort@bobsburgers.rest,16.6,428.0
Maine,172.0,Bibby,bibby@paperboi.atl,15.19,429.0
Maine,193.0,David Rosen,david@oliviapopeandassociates.com,15.0,430.0
Maine,234.0,Harry Morgan,harry@miamimetro.gov,14.6,431.0
Maine,348.0,Kat Hernandez,kat@easthighland.high,14.6,431.0
Maine,505.0,Mr. Krabs,krabs@bikinibottom.net,14.6,431.0
Maine,383.0,Jack Donaghy,jack@tgs.nbc,14.52,432.0
Maine,223.0,Callie Torres,callie@seattlegrace.med,14.32,433.0
Maine,313.0,Zoe Washburne,zoe@serenity.ship,14.32,433.0
Maine,400.0,K. McClanahan,katherine@goldengirls.house,14.0,434.0
Maine,482.0,Don Draper,don@sterlingcooper.com,13.13,435.0
Maine,130.0,Carly C.,carly@generalhospital.med,12.7,436.0
Maine,334.0,James Ford,sawyer@dharma.initiative,12.4,437.0
Maine,389.0,Cerie,cerie@tgs.nbc,12.4,437.0
Maine,425.0,Cliff Clavin,cliff@cheers.bar,12.4,437.0
Maine,218.0,Cristina Yang,cristina@seattlegrace.med,12.15,438.0
Maine,489.0,Bert Cooper,bert@sterlingcooper.com,12.15,438.0
Maine,43.0,Pam Beesly,pam@dundermifflin.com,12.12,439.0
Maine,145.0,Adam Newman,adam@genoa.city,12.12,439.0
Maine,262.0,Hollyhock,hollyhock@hollywoo.net,12.0,440.0
Maine,434.0,Elaine Benes,elaine@vandelayindustries.com,12.0,440.0
Maine,134.0,Maxie Jones,maxie@generalhospital.med,11.32,441.0
Maine,20.0,Lydia R.,lydia@lospolloshermanos.biz,9.95,442.0
Maine,80.0,David Estes,estes@cia.gov,9.09,443.0
Maine,261.0,Sarah Lynn,sarah@hollywoo.net,9.09,443.0
Maine,514.0,Candace Flynn,candace@danvillekids.com,8.36,444.0
Maine,461.0,Lydia Rodarte-Quayle,lydia@lospolloshermanos.biz,7.85,445.0
Maine,367.0,Enid Sinclair,enid@nevermore.academy,7.0,446.0
Maine,14.0,Saul Goodman,bettercallsaul@lospolloshermanos.biz,6.52,447.0
Maine,455.0,Gus Fring,gus@lospolloshermanos.biz,6.52,447.0
Maine,230.0,Vince Masuka,vince@miamimetro.gov,6.0,448.0
Maine,355.0,Donna Hayward,donna@twinpeaks.wa,6.0,448.0
Maine,521.0,Linda Flynn-Fletcher,linda@danvillekids.com,6.0,448.0
Maine,496.0,Little Ricky,littlericky@ricardoproductions.tv,2.88,449.0
Maine,74.0,Ben Chang,chang@greendale.edu,2.4,450.0
Maine,360.0,Leland Palmer,leland@twinpeaks.wa,2.4,450.0
New Jersey,341.0,Ben Linus,ben@dharma.initiative,4810.66,1.0
New Jersey,458.0,Kim Wexler,kim@lospolloshermanos.biz,4215.58,2.0
New Jersey,240.0,Nicky Nichols,nicky@litchfield.pen,4164.21,3.0
New Jersey,33.0,Bart,elbarto@springfield.power,3862.61,4.0
New Jersey,161.0,Lieutenant Duffy,duffy@lapd.gov,3859.16,5.0
New Jersey,396.0,Stan Z.,stan@goldengirls.house,3818.64,6.0
New Jersey,147.0,Arthur Fonzarelli,fonzie@arnoldsdrivein.diner,3610.0299999999997,7.0
New Jersey,173.0,Lucas,lucas@paperboi.atl,3484.8900000000003,8.0
New Jersey,104.0,Helen M.,helen@lawndale.high,3469.23,9.0
New Jersey,111.0,Teddy,teddy@bobsburgers.rest,3452.4300000000003,10.0
New Jersey,250.0,Michael,michael@thegoodplace.afterlife,3446.38,11.0
New Jersey,37.0,Mr. Burns,monty@springfield.power,3393.01,12.0
New Jersey,403.0,Kendall Roy,kendall@waystarroyco.com,3387.17,13.0
New Jersey,31.0,Homer S.,donuts@springfield.power,3195.3599999999997,14.0
New Jersey,489.0,Bert Cooper,bert@sterlingcooper.com,3183.61,15.0
New Jersey,284.0,Red Scare,redscare@keenecounty.police,3176.97,16.0
New Jersey,306.0,Cordelia Chase,cordy@sunnydale.high,3128.8,17.0
New Jersey,245.0,Gloria Mendoza,gloria@litchfield.pen,3032.0699999999997,18.0
New Jersey,76.0,Carrie Mathison,carrie@cia.gov,3007.92,19.0
New Jersey,124.0,Chef Brockett,chef@neighborhood.org,2975.43,20.0
New Jersey,307.0,Angel,angel@sunnydale.high,2957.89,21.0
New Jersey,180.0,Cole Brown,cole@wzhup.det,2924.92,22.0
New Jersey,16.0,Gus Fring,gus@lospolloshermanos.biz,2910.0,23.0
New Jersey,438.0,Estelle C.,estelle@vandelayindustries.com,2903.68,24.0
New Jersey,328.0,Monica Reyes,reyes@fbi.gov,2865.9999999999995,25.0
New Jersey,159.0,Mrs. Columbo,mrscolumbo@lapd.gov,2845.49,26.0
New Jersey,323.0,Dana Scully,scully@fbi.gov,2836.0800000000004,27.0
New Jersey,83.0,Max Piotrowski,max@cia.gov,2823.9500000000003,28.0
New Jersey,59.0,April L.,april@pawnee.gov,2822.98,29.0
New Jersey,453.0,Jesse Pinkman,jesse@lospolloshermanos.biz,2821.63,30.0
New Jersey,368.0,Xavier Thorpe,xavier@nevermore.academy,2796.94,31.0
New Jersey,263.0,Herb Kazzaz,herb@hollywoo.net,2760.4,32.0
New Jersey,194.0,Jake Ballard,jake@oliviapopeandassociates.com,2743.26,33.0
New Jersey,476.0,Silvio Dante,silvio@northjersey.net,2731.4300000000003,34.0
New Jersey,145.0,Adam Newman,adam@genoa.city,2728.72,35.0
New Jersey,314.0,Hoban Washburne,wash@serenity.ship,2713.31,36.0
New Jersey,223.0,Callie Torres,callie@seattlegrace.med,2709.26,37.0
New Jersey,96.0,Daria M.,daria@lawndale.high,2703.44,38.0
New Jersey,397.0,Miles Webber,miles@goldengirls.house,2694.54,39.0
New Jersey,175.0,Sierra,sierra@paperboi.atl,2647.9700000000003,40.0
New Jersey,219.0,Alex Karev,alex@seattlegrace.med,2635.42,41.0
New Jersey,189.0,Abby Whelan,abby@oliviapopeandassociates.com,2575.94,42.0
New Jersey,374.0,Josh Lyman,josh@westwing.gov,2574.18,43.0
New Jersey,165.0,Ken Franklin,franklin@lapd.gov,2526.66,44.0
New Jersey,123.0,Lady Elaine,ladyelaine@neighborhood.org,2506.83,45.0
New Jersey,32.0,Marge,marge@springfield.power,2481.6,46.0
New Jersey,114.0,Regular Sized Rudy,rudy@bobsburgers.rest,2462.35,47.0
New Jersey,25.0,Sansa S.,queenofthenorth@westeros.kingdom,2446.6,48.0
New Jersey,63.0,Terry J.,terry@nypd99.com,2437.9700000000003,49.0
New Jersey,143.0,Billy Abbott,billy@genoa.city,2406.8,50.0
New Jersey,278.0,Wade Tillman,lookingglass@keenecounty.police,2400.8199999999997,51.0
New Jersey,26.0,Cersei L.,queenregent@westeros.kingdom,2395.41,52.0
New Jersey,430.0,Rebecca Howe,rebecca@cheers.bar,2375.4900000000002,53.0
New Jersey,18.0,Marie S.,marie@lospolloshermanos.biz,2370.98,54.0
New Jersey,71.0,Shirley B.,shirley@greendale.edu,2358.76,55.0
New Jersey,398.0,Big Daddy,bigdaddy@goldengirls.house,2354.81,56.0
New Jersey,116.0,Fred Rogers,misterrogers@neighborhood.org,2344.2200000000003,57.0
New Jersey,426.0,Carla T.,carla@cheers.bar,2329.3100000000004,58.0
New Jersey,98.0,Quinn M.,quinn@lawndale.high,2327.5499999999997,59.0
New Jersey,451.0,Smith Jerrod,smith@manhattan.nyc,2317.48,60.0
New Jersey,285.0,Pirate Jenny,jenny@keenecounty.police,2312.6099999999997,61.0
New Jersey,217.0,Derek Shepherd,mcdreamy@seattlegrace.med,2285.4700000000003,62.0
New Jersey,365.0,Pugsley A.,pugsley@nevermore.academy,2284.35,63.0
New Jersey,369.0,Bianca B.,bianca@nevermore.academy,2268.64,64.0
New Jersey,320.0,Shepherd Book,book@serenity.ship,2256.81,65.0
New Jersey,412.0,Big Bird,bigbird@sesamestreet.org,2240.56,66.0
New Jersey,420.0,Abby Cadabby,abby@sesamestreet.org,2219.84,67.0
New Jersey,471.0,Cedric Daniels,daniels@westbaltimore.net,2212.27,68.0
New Jersey,75.0,Magnitude,pop@greendale.edu,2211.11,69.0
New Jersey,170.0,Tracy,tracy@paperboi.atl,2160.54,70.0
New Jersey,126.0,Luke Spencer,luke@generalhospital.med,2147.58,71.0
New Jersey,84.0,Fara S.,fara@cia.gov,2143.83,72.0
New Jersey,418.0,Ernie,ernie@sesamestreet.org,2122.12,73.0
New Jersey,24.0,Arya Stark,noface@westeros.kingdom,2108.74,74.0
New Jersey,51.0,Eleven,eleven@hawkins.ind,2100.9300000000003,75.0
New Jersey,455.0,Gus Fring,gus@lospolloshermanos.biz,2095.07,76.0
New Jersey,401.0,Angela Petrillo,angela@goldengirls.house,2088.9900000000002,77.0
New Jersey,461.0,Lydia Rodarte-Quayle,lydia@lospolloshermanos.biz,2082.0,78.0
New Jersey,166.0,Earnest Marks,earn@paperboi.atl,2066.12,79.0
New Jersey,490.0,Ken Cosgrove,ken@sterlingcooper.com,2062.54,80.0
New Jersey,343.0,Jules Vaughn,jules@easthighland.high,2056.44,81.0
New Jersey,230.0,Vince Masuka,vince@miamimetro.gov,2054.27,82.0
New Jersey,88.0,Jack McFarland,jack@willandgrace.nyc,2041.5499999999997,83.0
New Jersey,391.0,Grizz,grizz@tgs.nbc,2029.75,84.0
New Jersey,510.0,Karen,karen@bikinibottom.net,2016.17,85.0
New Jersey,500.0,Jerry,jerry@ricardoproductions.tv,2014.15,86.0
New Jersey,235.0,Lumen Pierce,lumen@miamimetro.gov,1999.28,87.0
New Jersey,92.0,Elliot,elliot@willandgrace.nyc,1993.7800000000002,88.0
New Jersey,82.0,Dana B.,dana@cia.gov,1987.66,89.0
New Jersey,488.0,Sally Draper,sally@sterlingcooper.com,1986.45,90.0
New Jersey,281.0,Will Reeves,hoodedjustice@keenecounty.police,1962.54,91.0
New Jersey,375.0,C.J. Cregg,cj@westwing.gov,1941.26,92.0
New Jersey,95.0,Leo Markus,leo@willandgrace.nyc,1940.0,93.0
New Jersey,196.0,Kermit,kermit@muppetstudios.com,1922.82,94.0
New Jersey,466.0,Stringer Bell,stringer@westbaltimore.net,1913.74,95.0
New Jersey,460.0,Hank Schrader,hank@lospolloshermanos.biz,1910.22,96.0
New Jersey,158.0,Dog,dog@lapd.gov,1903.53,97.0
New Jersey,407.0,Tom Wambsgans,tom@waystarroyco.com,1887.7400000000002,98.0
New Jersey,439.0,David Puddy,puddy@vandelayindustries.com,1884.01,99.0
New Jersey,409.0,Gerri Kellman,gerri@waystarroyco.com,1870.1200000000001,100.0
New Jersey,468.0,Omar Little,omar@westbaltimore.net,1856.41,101.0
New Jersey,431.0,Coach,coach@cheers.bar,1846.7600000000002,102.0
New Jersey,443.0,Miranda Hobbes,miranda@manhattan.nyc,1846.03,103.0
New Jersey,216.0,Meredith Grey,meredith@seattlegrace.med,1846.0099999999998,104.0
New Jersey,486.0,Pete Campbell,pete@sterlingcooper.com,1831.3700000000001,105.0
New Jersey,74.0,Ben Chang,chang@greendale.edu,1826.82,106.0
New Jersey,386.0,Kenneth Parcell,kenneth@tgs.nbc,1823.23,107.0
New Jersey,56.0,Leslie Knope,leslie@pawnee.gov,1822.2600000000002,108.0
New Jersey,238.0,Suzanne Warren,crazyeyes@litchfield.pen,1815.69,109.0
New Jersey,127.0,Laura Spencer,laura@generalhospital.med,1802.72,110.0
New Jersey,491.0,Harry Crane,harry@sterlingcooper.com,1801.3199999999997,111.0
New Jersey,52.0,Mike W.,mike@hawkins.ind,1800.99,112.0
New Jersey,413.0,Elmo,elmo@sesamestreet.org,1792.45,113.0
New Jersey,350.0,Elliot,elliot@easthighland.high,1785.47,114.0
New Jersey,499.0,Caroline Appleby,caroline@ricardoproductions.tv,1783.8700000000001,115.0
New Jersey,463.0,Lester Freamon,lester@westbaltimore.net,1759.18,116.0
New Jersey,65.0,Charles B.,charles@nypd99.com,1758.81,117.0
New Jersey,514.0,Candace Flynn,candace@danvillekids.com,1757.8799999999997,118.0
New Jersey,423.0,Diane Chambers,diane@cheers.bar,1740.54,119.0
New Jersey,493.0,Ricky Ricardo,ricky@ricardoproductions.tv,1710.14,120.0
New Jersey,125.0,Handyman Negri,negri@neighborhood.org,1704.81,121.0
New Jersey,377.0,Sam Seaborn,sam@westwing.gov,1702.9699999999998,122.0
New Jersey,41.0,Michael Scott,mscott@dundermifflin.com,1690.55,123.0
New Jersey,392.0,Dorothy Zbornak,dorothy@goldengirls.house,1673.56,124.0
New Jersey,190.0,Huck,huck@oliviapopeandassociates.com,1671.46,125.0
New Jersey,29.0,Samwell T.,maester@westeros.kingdom,1660.3500000000001,126.0
New Jersey,361.0,Lucy Moran,lucy@twinpeaks.wa,1646.99,127.0
New Jersey,34.0,Lisa S.,saxgirl@springfield.power,1646.6200000000001,128.0
New Jersey,185.0,Nipsey,nipsey@wzhup.det,1646.25,129.0
New Jersey,212.0,Geoffrey,geoffrey@banksresidence.la,1636.94,130.0
New Jersey,137.0,Nikki N.,nikki@genoa.city,1635.83,131.0
New Jersey,456.0,Mike Ehrmantraut,mike@lospolloshermanos.biz,1635.78,132.0
New Jersey,517.0,Perry the Platypus,agentp@danvillekids.com,1631.97,133.0
New Jersey,199.0,Gonzo,gonzo@muppetstudios.com,1609.3999999999999,134.0
New Jersey,101.0,Brittany T.,brittany@lawndale.high,1608.88,135.0
New Jersey,142.0,Nick Newman,nick@genoa.city,1608.8300000000002,136.0
New Jersey,327.0,John Doggett,doggett@fbi.gov,1607.76,137.0
New Jersey,378.0,Donna Moss,donna@westwing.gov,1594.47,138.0
New Jersey,312.0,Malcolm Reynolds,mal@serenity.ship,1568.23,139.0
New Jersey,121.0,X the Owl,xowl@neighborhood.org,1560.6399999999999,140.0
New Jersey,427.0,Frasier Crane,frasier@cheers.bar,1551.69,141.0
New Jersey,47.0,Stanley H.,stanley@dundermifflin.com,1546.58,142.0
New Jersey,359.0,Log Lady,loglady@twinpeaks.wa,1537.0100000000002,143.0
New Jersey,118.0,Lady Aberlin,ladyaberlin@neighborhood.org,1535.93,144.0
New Jersey,14.0,Saul Goodman,bettercallsaul@lospolloshermanos.biz,1531.01,145.0
New Jersey,209.0,Vivian Banks,auntviv@banksresidence.la,1512.19,146.0
New Jersey,380.0,Abbey Bartlet,abbey@westwing.gov,1507.46,147.0
New Jersey,388.0,Frank Rossitano,frank@tgs.nbc,1493.14,148.0
New Jersey,156.0,Lt. Columbo,columbo@lapd.gov,1482.58,149.0
New Jersey,326.0,Alex Krycek,krycek@fbi.gov,1477.14,150.0
New Jersey,424.0,Norm Peterson,norm@cheers.bar,1450.44,151.0
New Jersey,404.0,Roman Roy,romulus@waystarroyco.com,1444.3400000000001,152.0
New Jersey,94.0,Vince D'Angelo,vince@willandgrace.nyc,1441.54,153.0
New Jersey,506.0,Sandy Cheeks,sandy@bikinibottom.net,1436.3500000000001,154.0
New Jersey,299.0,Jadzia Dax,dax@ds9.starfleet,1434.3400000000001,155.0
New Jersey,43.0,Pam Beesly,pam@dundermifflin.com,1427.66,156.0
New Jersey,119.0,King Friday,kingfriday@neighborhood.org,1412.75,157.0
New Jersey,133.0,Alexis D.,alexis@generalhospital.med,1406.46,158.0
New Jersey,178.0,Pamela James,pam@wzhup.det,1403.28,159.0
New Jersey,55.0,Will B.,will@hawkins.ind,1394.84,160.0
New Jersey,167.0,Alfred Miles,paperboi@paperboi.atl,1389.88,161.0
New Jersey,262.0,Hollyhock,hollyhock@hollywoo.net,1383.3,162.0
New Jersey,249.0,Jason Mendoza,jason@thegoodplace.afterlife,1377.71,163.0
New Jersey,339.0,Sun Kwon,sun@dharma.initiative,1375.67,164.0
New Jersey,309.0,Anya Jenkins,anya@sunnydale.high,1369.76,165.0
New Jersey,163.0,Commissioner Halperin,halperin@lapd.gov,1366.54,166.0
New Jersey,117.0,Mr. McFeely,speedydelivery@neighborhood.org,1365.2,167.0
New Jersey,251.0,Janet,janet@thegoodplace.afterlife,1359.7,168.0
New Jersey,261.0,Sarah Lynn,sarah@hollywoo.net,1359.5800000000002,169.0
New Jersey,440.0,Jackie Chiles,jackie@vandelayindustries.com,1357.55,170.0
New Jersey,464.0,Kima Greggs,kima@westbaltimore.net,1345.48,171.0
New Jersey,508.0,Gary,meow@bikinibottom.net,1341.7,172.0
New Jersey,10.0,Emily,emily@centralperk.coffee,1336.58,173.0
New Jersey,198.0,Fozzie Bear,fozzie@muppetstudios.com,1333.3600000000001,174.0
New Jersey,286.0,Jean-Luc Picard,picard@enterprise.starfleet,1312.96,175.0
New Jersey,72.0,Pierce H.,pierce@greendale.edu,1309.8200000000002,176.0
New Jersey,288.0,Data,data@enterprise.starfleet,1279.96,177.0
New Jersey,12.0,Jesse Pinkman,jesse@lospolloshermanos.biz,1275.52,178.0
New Jersey,151.0,Howard C.,howard@arnoldsdrivein.diner,1272.6,179.0
New Jersey,437.0,Frank Costanza,serenitynow@vandelayindustries.com,1268.79,180.0
New Jersey,293.0,Wesley Crusher,wesley@enterprise.starfleet,1265.6,181.0
New Jersey,68.0,Abed Nadir,abed@greendale.edu,1263.85,182.0
New Jersey,446.0,Mr. Big,mrbig@manhattan.nyc,1236.21,183.0
New Jersey,501.0,Betty Ramsey,betty@ricardoproductions.tv,1212.45,184.0
New Jersey,197.0,Miss Piggy,misspiggy@muppetstudios.com,1209.01,185.0
New Jersey,267.0,Gob Bluth,gob@bluthcompany.biz,1203.46,186.0
New Jersey,48.0,Andy B.,andy@dundermifflin.com,1198.9299999999998,187.0
New Jersey,115.0,Gayle,gayle@bobsburgers.rest,1190.66,188.0
New Jersey,17.0,Mike E.,mike@lospolloshermanos.biz,1189.0900000000001,189.0
New Jersey,356.0,Shelly Johnson,shelly@twinpeaks.wa,1177.38,190.0
New Jersey,419.0,Count von Count,count@sesamestreet.org,1173.87,191.0
New Jersey,247.0,Chidi Anagonye,chidi@thegoodplace.afterlife,1168.73,192.0
New Jersey,99.0,Trent Lane,trent@lawndale.high,1162.74,193.0
New Jersey,515.0,Isabella G.,isabella@danvillekids.com,1156.07,194.0
New Jersey,208.0,Philip Banks,unclephil@banksresidence.la,1152.2099999999998,195.0
New Jersey,444.0,Charlotte York,charlotte@manhattan.nyc,1150.8999999999999,196.0
New Jersey,239.0,Tasha Jefferson,tastyee@litchfield.pen,1144.48,197.0
New Jersey,321.0,Serenity,serenity@serenity.ship,1140.87,198.0
New Jersey,46.0,Kevin M.,kevin@dundermifflin.com,1140.74,199.0
New Jersey,469.0,Marlo Stanfield,marlo@westbaltimore.net,1138.08,200.0
New Jersey,152.0,Marion C.,marion@arnoldsdrivein.diner,1133.9,201.0
New Jersey,465.0,Bunk Moreland,bunk@westbaltimore.net,1129.19,202.0
New Jersey,44.0,Dwight Schrute,dwight@dundermifflin.com,1126.98,203.0
New Jersey,273.0,Lucille Bluth,lucille@bluthcompany.biz,1126.78,204.0
New Jersey,336.0,Hugo Reyes,hurley@dharma.initiative,1116.8799999999999,205.0
New Jersey,207.0,Carlton B.,carlton@banksresidence.la,1115.59,206.0
New Jersey,58.0,Tom H.,tom@pawnee.gov,1110.94,207.0
New Jersey,53.0,Dustin H.,dustin@hawkins.ind,1104.45,208.0
New Jersey,313.0,Zoe Washburne,zoe@serenity.ship,1100.1100000000001,209.0
New Jersey,268.0,Lindsay F.,lindsay@bluthcompany.biz,1092.3600000000001,210.0
New Jersey,8.0,Janice,ohmygod@centralperk.coffee,1090.93,211.0
New Jersey,297.0,Kira Nerys,kira@ds9.starfleet,1090.8799999999999,212.0
New Jersey,270.0,George Michael,gmichael@bluthcompany.biz,1080.4099999999999,213.0
New Jersey,492.0,Lucy Ricardo,lucy@ricardoproductions.tv,1062.75,214.0
New Jersey,23.0,Tyrion L.,theimp@westeros.kingdom,1042.97,215.0
New Jersey,405.0,Shiv Roy,shiv@waystarroyco.com,1037.1,216.0
New Jersey,265.0,Beatrice Horseman,beatrice@hollywoo.net,1029.94,217.0
New Jersey,237.0,Alex Vause,alex@litchfield.pen,1013.52,218.0
New Jersey,353.0,Laura Palmer,laura@twinpeaks.wa,1009.52,219.0
New Jersey,415.0,Oscar the Grouch,oscar@sesamestreet.org,999.9200000000001,220.0
New Jersey,146.0,Richie C.,richie@arnoldsdrivein.diner,999.0699999999999,221.0
New Jersey,100.0,Kevin T.,kevin@lawndale.high,998.25,222.0
New Jersey,215.0,Lisa W.,lisa@banksresidence.la,991.57,223.0
New Jersey,153.0,Chachi A.,chachi@arnoldsdrivein.diner,978.37,224.0
New Jersey,222.0,Richard Webber,webber@seattlegrace.med,949.0,225.0
New Jersey,232.0,James Doakes,doakes@miamimetro.gov,946.61,226.0
New Jersey,93.0,Stan Walker,stan@willandgrace.nyc,934.45,227.0
New Jersey,349.0,Fezco,fez@easthighland.high,924.82,228.0
New Jersey,292.0,Beverly Crusher,crusher@enterprise.starfleet,921.74,229.0
New Jersey,269.0,Buster Bluth,buster@bluthcompany.biz,920.0000000000001,230.0
New Jersey,435.0,Kramer,kramer@vandelayindustries.com,913.47,231.0
New Jersey,242.0,Lorna Morello,lorna@litchfield.pen,911.9599999999999,232.0
New Jersey,462.0,Jimmy McNulty,mcnulty@westbaltimore.net,911.4100000000001,233.0
New Jersey,348.0,Kat Hernandez,kat@easthighland.high,910.7800000000001,234.0
New Jersey,129.0,Jason Morgan,jason@generalhospital.med,901.99,235.0
New Jersey,346.0,Cassie Howard,cassie@easthighland.high,891.69,236.0
New Jersey,272.0,Tobias Funke,tobias@bluthcompany.biz,891.51,237.0
New Jersey,335.0,John Locke,locke@dharma.initiative,890.84,238.0
New Jersey,304.0,Xander Harris,xander@sunnydale.high,886.1700000000001,239.0
New Jersey,266.0,Michael Bluth,michael@bluthcompany.biz,884.26,240.0
New Jersey,324.0,Walter Skinner,skinner@fbi.gov,882.3700000000001,241.0
New Jersey,130.0,Carly C.,carly@generalhospital.med,881.41,242.0
New Jersey,4.0,Chandler Bing,chandlerb@centralperk.coffee,879.99,243.0
New Jersey,282.0,Lady Trieu,trieu@keenecounty.police,876.68,244.0
New Jersey,410.0,Marcia Roy,marcia@waystarroyco.com,871.36,245.0
New Jersey,400.0,K. McClanahan,katherine@goldengirls.house,856.27,246.0
New Jersey,483.0,Peggy Olson,peggy@sterlingcooper.com,852.6800000000001,247.0
New Jersey,354.0,Audrey Horne,audrey@twinpeaks.wa,846.2100000000002,248.0
New Jersey,470.0,Bubbles,bubbles@westbaltimore.net,840.94,249.0
New Jersey,255.0,Bad Janet,badjanet@thegoodplace.afterlife,831.05,250.0
New Jersey,362.0,Wednesday Addams,wednesday@nevermore.academy,828.05,251.0
New Jersey,225.0,April Kepner,april@seattlegrace.med,824.83,252.0
New Jersey,484.0,Roger Sterling,roger@sterlingcooper.com,819.25,253.0
New Jersey,448.0,Steve Brady,steve@manhattan.nyc,814.0799999999999,254.0
New Jersey,179.0,Thomas M.,tommy@wzhup.det,793.94,255.0
New Jersey,19.0,Todd,todd@lospolloshermanos.biz,793.37,256.0
New Jersey,334.0,James Ford,sawyer@dharma.initiative,786.9200000000001,257.0
New Jersey,512.0,Phineas Flynn,phineas@danvillekids.com,786.63,258.0
New Jersey,50.0,Creed,creed@dundermifflin.com,782.95,259.0
New Jersey,337.0,Sayid Jarrah,sayid@dharma.initiative,781.69,260.0
New Jersey,139.0,Ashley A.,ashley@genoa.city,778.4300000000001,261.0
New Jersey,498.0,Marion Strong,marion@ricardoproductions.tv,774.41,262.0
New Jersey,507.0,Plankton,plankton@bikinibottom.net,773.49,263.0
New Jersey,131.0,Elizabeth W.,elizabeth@generalhospital.med,767.93,264.0
New Jersey,86.0,Will Truman,will@willandgrace.nyc,767.0,265.0
New Jersey,102.0,Jodie L.,jodie@lawndale.high,762.67,266.0
New Jersey,271.0,Maeby F.,maeby@bluthcompany.biz,760.98,267.0
New Jersey,370.0,Eugene O.,eugene@nevermore.academy,754.41,268.0
New Jersey,113.0,Mort,mort@bobsburgers.rest,752.1,269.0
New Jersey,276.0,Angela Abar,sisternight@keenecounty.police,745.42,270.0
New Jersey,406.0,Connor Roy,connor@waystarroyco.com,743.37,271.0
New Jersey,277.0,Laurie Blake,laurie@keenecounty.police,742.89,272.0
New Jersey,87.0,Grace Adler,grace@willandgrace.nyc,742.46,273.0
New Jersey,120.0,Daniel Tiger,daniel@neighborhood.org,742.1700000000001,274.0
New Jersey,214.0,Nicky B.,nicky@banksresidence.la,741.76,275.0
New Jersey,382.0,Liz Lemon,liz@tgs.nbc,736.0699999999999,276.0
New Jersey,3.0,Monica Geller,chefmonica@centralperk.coffee,732.32,277.0
New Jersey,394.0,Blanche Devereaux,blanche@goldengirls.house,731.07,278.0
New Jersey,447.0,Stanford Blatch,stanford@manhattan.nyc,722.64,279.0
New Jersey,141.0,Sharon N.,sharon@genoa.city,707.37,280.0
New Jersey,164.0,Dr. Ray Flemming,flemming@lapd.gov,705.24,281.0
New Jersey,106.0,Bob Belcher,bob@bobsburgers.rest,696.98,282.0
New Jersey,479.0,Dr. Melfi,melfi@northjersey.net,689.52,283.0
New Jersey,393.0,Rose Nylund,rose@goldengirls.house,686.02,284.0
New Jersey,303.0,Willow R.,willow@sunnydale.high,682.1700000000001,285.0
New Jersey,39.0,Chief Wiggum,wiggum@springfield.power,680.74,286.0
New Jersey,128.0,Sonny Corinthos,sonny@generalhospital.med,673.47,287.0
New Jersey,176.0,Martin Payne,martin@wzhup.det,660.63,288.0
New Jersey,495.0,Fred Mertz,fred@ricardoproductions.tv,659.99,289.0
New Jersey,481.0,Adriana La Cerva,adriana@northjersey.net,659.13,290.0
New Jersey,148.0,Potsie W.,potsie@arnoldsdrivein.diner,657.72,291.0
New Jersey,436.0,Newman,newman@vandelayindustries.com,656.7900000000001,292.0
New Jersey,79.0,Peter Quinn,quinn@cia.gov,649.07,293.0
New Jersey,200.0,Animal,animal@muppetstudios.com,648.2900000000001,294.0
New Jersey,333.0,Kate Austen,kate@dharma.initiative,640.86,295.0
New Jersey,27.0,J. Lannister,kingslayer@westeros.kingdom,640.74,296.0
New Jersey,210.0,Hilary B.,hilary@banksresidence.la,639.9200000000001,297.0
New Jersey,172.0,Bibby,bibby@paperboi.atl,639.37,298.0
New Jersey,296.0,Benjamin Sisko,sisko@ds9.starfleet,638.22,299.0
New Jersey,417.0,Bert,bert@sesamestreet.org,635.74,300.0
New Jersey,338.0,Claire Littleton,claire@dharma.initiative,628.62,301.0
New Jersey,28.0,Bran Stark,threeeyedraven@westeros.kingdom,623.77,302.0
New Jersey,243.0,Dayanara Diaz,daya@litchfield.pen,621.3,303.0
New Jersey,390.0,Dot Com,dotcom@tgs.nbc,616.28,304.0
New Jersey,367.0,Enid Sinclair,enid@nevermore.academy,607.8100000000001,305.0
New Jersey,110.0,Louise B.,louise@bobsburgers.rest,598.4,306.0
New Jersey,421.0,Rosita,rosita@sesamestreet.org,595.52,307.0
New Jersey,383.0,Jack Donaghy,jack@tgs.nbc,593.88,308.0
New Jersey,40.0,Milhouse,milhouse@springfield.power,593.64,309.0
New Jersey,429.0,Lilith S.,lilith@cheers.bar,593.33,310.0
New Jersey,203.0,Statler,statler@muppetstudios.com,585.51,311.0
New Jersey,457.0,Skyler White,skyler@lospolloshermanos.biz,577.95,312.0
New Jersey,187.0,Fitzgerald Grant,fitz@oliviapopeandassociates.com,575.61,313.0
New Jersey,445.0,Samantha Jones,samantha@manhattan.nyc,570.41,314.0
New Jersey,244.0,Sophia Burset,sophia@litchfield.pen,568.71,315.0
New Jersey,434.0,Elaine Benes,elaine@vandelayindustries.com,563.33,316.0
New Jersey,411.0,Frank Vernon,frank@waystarroyco.com,560.99,317.0
New Jersey,38.0,Krusty,krusty@springfield.power,556.82,318.0
New Jersey,332.0,Jack Shephard,jack@dharma.initiative,551.75,319.0
New Jersey,241.0,Red Reznikov,red@litchfield.pen,548.51,320.0
New Jersey,376.0,Toby Ziegler,toby@westwing.gov,544.29,321.0
New Jersey,107.0,Linda B.,linda@bobsburgers.rest,540.58,322.0
New Jersey,206.0,Will Smith,will@banksresidence.la,539.61,323.0
New Jersey,193.0,David Rosen,david@oliviapopeandassociates.com,539.01,324.0
New Jersey,160.0,Captain Sampson,sampson@lapd.gov,538.66,325.0
New Jersey,97.0,Jane Lane,jane@lawndale.high,537.87,326.0
New Jersey,450.0,Aidan Shaw,aidan@manhattan.nyc,537.74,327.0
New Jersey,226.0,Dexter Morgan,dexter@miamimetro.gov,537.7,328.0
New Jersey,381.0,Will Bailey,will@westwing.gov,530.58,329.0
New Jersey,49.0,Oscar M.,oscar@dundermifflin.com,529.38,330.0
New Jersey,134.0,Maxie Jones,maxie@generalhospital.med,526.33,331.0
New Jersey,294.0,Tasha Yar,tasha@enterprise.starfleet,515.59,332.0
New Jersey,174.0,Cristian,cristian@paperboi.atl,506.06,333.0
New Jersey,35.0,Maggie,maggie@springfield.power,505.93,334.0
New Jersey,319.0,River Tam,river@serenity.ship,502.35,335.0
New Jersey,67.0,Britta P.,britta@greendale.edu,501.76,336.0
New Jersey,5.0,Joey,howyoudoing@centralperk.coffee,500.36,337.0
New Jersey,168.0,Darius,darius@paperboi.atl,498.84000000000003,338.0
New Jersey,144.0,Victoria N.,victoria@genoa.city,497.93999999999994,339.0
New Jersey,279.0,Adrian Veidt,ozymandias@keenecounty.police,496.68,340.0
New Jersey,422.0,Sam Malone,sam@cheers.bar,496.3,341.0
New Jersey,399.0,Harry Weston,harry@goldengirls.house,494.08000000000004,342.0
New Jersey,122.0,Henrietta Pussycat,meow@neighborhood.org,487.31,343.0
New Jersey,291.0,Deanna Troi,troi@enterprise.starfleet,483.19,344.0
New Jersey,135.0,Anna Devane,anna@generalhospital.med,483.16,345.0
New Jersey,224.0,Jackson Avery,jackson@seattlegrace.med,482.72,346.0
New Jersey,149.0,Ralph Malph,ralph@arnoldsdrivein.diner,479.2,347.0
New Jersey,181.0,Sheneneh,sheneneh@wzhup.det,472.15999999999997,348.0
New Jersey,509.0,Mrs. Puff,puff@bikinibottom.net,469.65000000000003,349.0
New Jersey,518.0,Baljeet,baljeet@danvillekids.com,467.90999999999997,350.0
New Jersey,213.0,Jazz,jazz@banksresidence.la,467.48,351.0
New Jersey,449.0,Harry Goldenblatt,harry@manhattan.nyc,465.40000000000003,352.0
New Jersey,502.0,SpongeBob SquarePants,spongebob@bikinibottom.net,465.05,353.0
New Jersey,503.0,Patrick Star,patrick@bikinibottom.net,464.51,354.0
New Jersey,233.0,Hannah McKay,hannah@miamimetro.gov,464.13,355.0
New Jersey,20.0,Lydia R.,lydia@lospolloshermanos.biz,463.99,356.0
New Jersey,182.0,Bruh-Man,bruhman@wzhup.det,463.28000000000003,357.0
New Jersey,331.0,Samantha M.,samantha@fbi.gov,457.40999999999997,358.0
New Jersey,520.0,Vanessa D.,vanessa@danvillekids.com,455.06,359.0
New Jersey,140.0,Phyllis S.,phyllis@genoa.city,452.5,360.0
New Jersey,308.0,Spike,spike@sunnydale.high,452.12,361.0
New Jersey,195.0,Marcus Walker,marcus@oliviapopeandassociates.com,451.44,362.0
New Jersey,15.0,H. Schrader,hank@lospolloshermanos.biz,446.31,363.0
New Jersey,452.0,Walter White,heisenberg@lospolloshermanos.biz,443.37,364.0
New Jersey,352.0,Dale Cooper,coop@twinpeaks.wa,438.89,365.0
New Jersey,496.0,Little Ricky,littlericky@ricardoproductions.tv,438.47,366.0
New Jersey,295.0,Guinan,guinan@enterprise.starfleet,437.16999999999996,367.0
New Jersey,211.0,Ashley B.,ashley@banksresidence.la,436.85,368.0
New Jersey,330.0,The Lone Gunmen,lonegunmen@fbi.gov,436.81000000000006,369.0
New Jersey,322.0,Fox Mulder,mulder@fbi.gov,436.79999999999995,370.0
New Jersey,513.0,Ferb Fletcher,ferb@danvillekids.com,434.46000000000004,371.0
New Jersey,358.0,James Hurley,james@twinpeaks.wa,425.86,372.0
New Jersey,478.0,AJ Soprano,aj@northjersey.net,425.28,373.0
New Jersey,218.0,Cristina Yang,cristina@seattlegrace.med,424.83,374.0
New Jersey,258.0,Mr. Peanutbutter,mrpb@hollywoo.net,421.31,375.0
New Jersey,264.0,Gina Cazador,gina@hollywoo.net,418.92,376.0
New Jersey,280.0,Cal Abar,cal@keenecounty.police,417.83000000000004,377.0
New Jersey,414.0,Cookie Monster,cookie@sesamestreet.org,416.09999999999997,378.0
New Jersey,112.0,Jimmy Pesto,jimmy@bobsburgers.rest,412.99,379.0
New Jersey,221.0,Miranda Bailey,bailey@seattlegrace.med,411.09000000000003,380.0
New Jersey,248.0,Tahani Al-Jamil,tahani@thegoodplace.afterlife,407.26,381.0
New Jersey,13.0,Skyler W.,skyler@lospolloshermanos.biz,407.05,382.0
New Jersey,355.0,Donna Hayward,donna@twinpeaks.wa,406.98,383.0
New Jersey,347.0,Lexi Howard,lexi@easthighland.high,403.13,384.0
New Jersey,70.0,Annie Edison,annie@greendale.edu,401.49,385.0
New Jersey,389.0,Cerie,cerie@tgs.nbc,399.27000000000004,386.0
New Jersey,136.0,Victor Newman,victor@genoa.city,398.97,387.0
New Jersey,229.0,Angel Batista,angel@miamimetro.gov,398.66,388.0
New Jersey,511.0,Pearl Krabs,pearl@bikinibottom.net,396.09,389.0
New Jersey,472.0,Tony Soprano,tony@northjersey.net,395.00999999999993,390.0
New Jersey,317.0,Inara Serra,inara@serenity.ship,394.6,391.0
New Jersey,325.0,Cigarette Smoking Man,csm@fbi.gov,393.3,392.0
New Jersey,162.0,Sergeant Kramer,kramer@lapd.gov,390.28000000000003,393.0
New Jersey,477.0,Meadow Soprano,meadow@northjersey.net,389.21,394.0
New Jersey,108.0,Tina B.,tina@bobsburgers.rest,388.03000000000003,395.0
New Jersey,60.0,Andy Dwyer,andy@pawnee.gov,384.74,396.0
New Jersey,231.0,Maria LaGuerta,maria@miamimetro.gov,379.97,397.0
New Jersey,351.0,Cal Jacobs,cal@easthighland.high,379.05,398.0
New Jersey,11.0,Walter White,heisenberg@lospolloshermanos.biz,377.26,399.0
New Jersey,155.0,Jenny Piccalo,jenny@arnoldsdrivein.diner,376.38,400.0
New Jersey,432.0,Jerry Seinfeld,jerry@vandelayindustries.com,374.90000000000003,401.0
New Jersey,497.0,Mrs. Trumbull,trumbull@ricardoproductions.tv,368.42999999999995,402.0
New Jersey,521.0,Linda Flynn-Fletcher,linda@danvillekids.com,367.88,403.0
New Jersey,7.0,Gunther,gunther@centralperk.coffee,359.42,404.0
New Jersey,373.0,Leo McGarry,leo@westwing.gov,358.95,405.0
New Jersey,425.0,Cliff Clavin,cliff@cheers.bar,357.33,406.0
New Jersey,311.0,Dawn Summers,dawn@sunnydale.high,355.69,407.0
New Jersey,252.0,Shawn,shawn@thegoodplace.afterlife,350.88,408.0
New Jersey,371.0,Principal Weems,weems@nevermore.academy,349.42,409.0
New Jersey,366.0,Uncle Fester,fester@nevermore.academy,347.0,410.0
New Jersey,372.0,Josiah Bartlet,president@westwing.gov,340.88,411.0
New Jersey,36.0,Ned Flanders,ned@springfield.power,339.22,412.0
New Jersey,459.0,Jimmy McGill,jimmy@lospolloshermanos.biz,338.33000000000004,413.0
New Jersey,177.0,Gina Waters,gina@wzhup.det,337.24,414.0
New Jersey,416.0,Grover,grover@sesamestreet.org,325.53,415.0
New Jersey,342.0,Rue Bennett,rue@easthighland.high,325.1,416.0
New Jersey,69.0,Troy Barnes,troy@greendale.edu,323.42,417.0
New Jersey,188.0,Mellie Grant,mellie@oliviapopeandassociates.com,319.25,418.0
New Jersey,1.0,Rachel,rachel@centralperk.coffee,318.88,419.0
New Jersey,379.0,Charlie Young,charlie@westwing.gov,314.29,420.0
New Jersey,22.0,Daenerys T.,dragonqueen@westeros.kingdom,313.74,421.0
New Jersey,85.0,Dar Adal,dar@cia.gov,313.43,422.0
New Jersey,395.0,Sophia Petrillo,sophia@goldengirls.house,313.39,423.0
New Jersey,442.0,Carrie Bradshaw,carrie@manhattan.nyc,311.58,424.0
New Jersey,318.0,Simon Tam,simon@serenity.ship,307.64,425.0
New Jersey,61.0,Jake P.,jake@nypd99.com,304.22,426.0
New Jersey,329.0,Deep Throat,deepthroat@fbi.gov,301.75,427.0
New Jersey,275.0,Ann Veal,her@bluthcompany.biz,299.52,428.0
New Jersey,298.0,Odo,odo@ds9.starfleet,299.35,429.0
New Jersey,154.0,Al Delvecchio,al@arnoldsdrivein.diner,297.45,430.0
New Jersey,2.0,R. Geller,rossg@centralperk.coffee,295.76,431.0
New Jersey,157.0,Sergeant Wilson,wilson@lapd.gov,288.44,432.0
New Jersey,260.0,Princess Carolyn,pc@hollywoo.net,287.04,433.0
New Jersey,62.0,Amy S.,amy@nypd99.com,286.63,434.0
New Jersey,257.0,Diane Nguyen,diane@hollywoo.net,283.48,435.0
New Jersey,474.0,Christopher Moltisanti,chrism@northjersey.net,282.27,436.0
New Jersey,433.0,George Costanza,george@vandelayindustries.com,274.89,437.0
New Jersey,246.0,Eleanor Shellstrop,eleanor@thegoodplace.afterlife,271.31,438.0
New Jersey,487.0,Betty Draper,betty@sterlingcooper.com,263.78999999999996,439.0
New Jersey,360.0,Leland Palmer,leland@twinpeaks.wa,262.4,440.0
New Jersey,105.0,Jake M.,jake@lawndale.high,261.99,441.0
New Jersey,183.0,Mama Payne,mama@wzhup.det,261.78,442.0
New Jersey,283.0,Joe Keene Jr.,keene@keenecounty.police,261.72,443.0
New Jersey,345.0,Maddy Perez,maddy@easthighland.high,260.02,444.0
New Jersey,300.0,Julian Bashir,bashir@ds9.starfleet,249.45,445.0
New Jersey,201.0,Rowlf,rowlf@muppetstudios.com,236.97000000000003,446.0
New Jersey,236.0,Piper Chapman,piper@litchfield.pen,236.56,447.0
New Jersey,132.0,Sam McCall,sam@generalhospital.med,236.52,448.0
New Jersey,357.0,Bobby Briggs,bobby@twinpeaks.wa,235.56,449.0
New Jersey,340.0,Jin Kwon,jin@dharma.initiative,234.98000000000002,450.0
New Jersey,91.0,Beverley L.,beverley@willandgrace.nyc,231.48000000000002,451.0
New Jersey,54.0,Lucas S.,lucas@hawkins.ind,231.44,452.0
New Jersey,80.0,David Estes,estes@cia.gov,227.67000000000002,453.0
New Jersey,171.0,Clark County,clark@paperboi.atl,218.45,454.0
New Jersey,290.0,Worf,worf@enterprise.starfleet,216.92,455.0
New Jersey,45.0,Angela M.,angela@dundermifflin.com,216.11,456.0
New Jersey,482.0,Don Draper,don@sterlingcooper.com,214.85,457.0
New Jersey,227.0,Debra Morgan,debra@miamimetro.gov,213.37,458.0
New Jersey,494.0,Ethel Mertz,ethel@ricardoproductions.tv,212.32999999999998,459.0
New Jersey,77.0,Nicholas Brody,brody@cia.gov,211.53,460.0
New Jersey,485.0,Joan Holloway,joan@sterlingcooper.com,211.49,461.0
New Jersey,519.0,Buford,buford@danvillekids.com,207.02,462.0
New Jersey,90.0,Rosario Salazar,rosario@willandgrace.nyc,204.69,463.0
New Jersey,475.0,Paulie Gualtieri,paulie@northjersey.net,202.85,464.0
New Jersey,302.0,Buffy Summers,buffy@sunnydale.high,202.81,465.0
New Jersey,259.0,Todd Chavez,todd@hollywoo.net,202.47,466.0
New Jersey,89.0,Karen Walker,karen@willandgrace.nyc,201.37,467.0
New Jersey,363.0,Morticia Addams,morticia@nevermore.academy,198.09,468.0
New Jersey,234.0,Harry Morgan,harry@miamimetro.gov,196.53,469.0
New Jersey,310.0,Tara M.,tara@sunnydale.high,195.71,470.0
New Jersey,305.0,Rupert Giles,giles@sunnydale.high,193.72,471.0
New Jersey,505.0,Mr. Krabs,krabs@bikinibottom.net,191.74,472.0
New Jersey,253.0,Vicky,vicky@thegoodplace.afterlife,189.97,473.0
New Jersey,467.0,Avon Barksdale,avon@westbaltimore.net,187.25,474.0
New Jersey,287.0,William Riker,riker@enterprise.starfleet,186.11,475.0
New Jersey,184.0,Stan Winters,stan@wzhup.det,185.72,476.0
New Jersey,289.0,Geordi La Forge,geordi@enterprise.starfleet,180.76999999999998,477.0
New Jersey,220.0,Izzie Stevens,izzie@seattlegrace.med,179.66,478.0
New Jersey,301.0,Miles O'Brien,obrien@ds9.starfleet,179.54,479.0
New Jersey,344.0,Nate Jacobs,nate@easthighland.high,178.35,480.0
New Jersey,64.0,Rosa D.,rosa@nypd99.com,177.64,481.0
New Jersey,42.0,Jim H.,jim@dundermifflin.com,177.28,482.0
New Jersey,441.0,Uncle Leo,hello@vandelayindustries.com,168.68,483.0
New Jersey,274.0,George Bluth Sr.,george@bluthcompany.biz,165.88,484.0
New Jersey,30.0,Brienne,brienne@westeros.kingdom,161.23000000000002,485.0
New Jersey,66.0,Jeff Winger,jeff@greendale.edu,160.04,486.0
New Jersey,428.0,Woody Boyd,woody@cheers.bar,158.68,487.0
New Jersey,408.0,Greg Hirsch,cousingreg@waystarroyco.com,157.75,488.0
New Jersey,9.0,Mike H.,mike@centralperk.coffee,154.21,489.0
New Jersey,169.0,Vanessa K.,van@paperboi.atl,154.12,490.0
New Jersey,387.0,Pete Hornberger,pete@tgs.nbc,153.45,491.0
New Jersey,57.0,Ron Swanson,ron@pawnee.gov,142.45,492.0
New Jersey,191.0,Quinn Perkins,quinn@oliviapopeandassociates.com,141.89,493.0
New Jersey,256.0,BoJack Horseman,bojack@hollywoo.net,136.03,494.0
New Jersey,6.0,P. Buffay,smellycat@centralperk.coffee,135.88,495.0
New Jersey,138.0,Jack Abbott,jack@genoa.city,134.77,496.0
New Jersey,192.0,Cyrus Beene,cyrus@oliviapopeandassociates.com,127.47,497.0
New Jersey,21.0,Jon Snow,knowsnothing@westeros.kingdom,126.2,498.0
New Jersey,316.0,Kaylee Frye,kaylee@serenity.ship,124.48,499.0
New Jersey,204.0,Waldorf,waldorf@muppetstudios.com,123.22999999999999,500.0
New Jersey,473.0,Carmela Soprano,carmela@northjersey.net,114.41999999999999,501.0
New Jersey,103.0,Mack M.,mack@lawndale.high,114.15,502.0
New Jersey,454.0,Saul Goodman,saul@lospolloshermanos.biz,110.61,503.0
New Jersey,516.0,Dr. Doofenshmirtz,doof@danvillekids.com,103.53,504.0
New Jersey,402.0,Logan Roy,logan@waystarroyco.com,94.41,505.0
New Jersey,480.0,Junior Soprano,junior@northjersey.net,92.84,506.0
New Jersey,78.0,Saul B.,saul@cia.gov,89.92,507.0
New Jersey,384.0,Tracy Jordan,tracy@tgs.nbc,87.22999999999999,508.0
New Jersey,202.0,Scooter,scooter@muppetstudios.com,78.24,509.0
New Jersey,364.0,Gomez Addams,gomez@nevermore.academy,74.93,510.0
New Jersey,81.0,Jessica B.,jessica@cia.gov,70.58,511.0
New Jersey,205.0,Swedish Chef,chef@muppetstudios.com,67.1,512.0
New Jersey,504.0,Squidward Tentacles,squidward@bikinibottom.net,60.620000000000005,513.0
New Jersey,109.0,Gene B.,gene@bobsburgers.rest,57.88,514.0
New Jersey,228.0,Rita B.,rita@miamimetro.gov,50.22,515.0
New Jersey,254.0,Mindy St. Claire,mindy@thegoodplace.afterlife,46.050000000000004,516.0
New Jersey,385.0,Jenna Maroney,jenna@tgs.nbc,41.43,517.0
New Jersey,73.0,Dean Pelton,dean@greendale.edu,39.93,518.0
New Jersey,186.0,Olivia Pope,olivia@oliviapopeandassociates.com,30.549999999999997,519.0
New Jersey,315.0,Jayne Cobb,jayne@serenity.ship,15.530000000000001,520.0
New Jersey,150.0,Joanie C.,joanie@arnoldsdrivein.diner,5.0,521.0
