RewardsID,name,email,State
507.0,Plankton,plankton@bikinibottom.net,Maine
491.0,Harry Crane,harry@sterlingcooper.com,Maine
280.0,Cal Abar,cal@keenecounty.police,Maine
104.0,Helen M.,helen@lawndale.high,Maine
513.0,Ferb Fletcher,ferb@danvillekids.com,New Jersey
122.0,Henrietta Pussycat,meow@neighborhood.org,New Jersey
515.0,Isabella G.,isabella@danvillekids.com,New Jersey
214.0,Nicky B.,nicky@banksresidence.la,New Jersey
67.0,Britta P.,britta@greendale.edu,New Jersey
284.0,Red Scare,redscare@keenecounty.police,New Jersey
119.0,King Friday,kingfriday@neighborhood.org,Maine
163.0,Commissioner Halperin,halperin@lapd.gov,New Jersey
166.0,Earnest Marks,earn@paperboi.atl,New Jersey
468.0,Omar Little,omar@westbaltimore.net,Maine
85.0,Dar Adal,dar@cia.gov,New Jersey
140.0,Phyllis S.,phyllis@genoa.city,New Jersey
145.0,Adam Newman,adam@genoa.city,Maine
167.0,Alfred Miles,paperboi@paperboi.atl,New Jersey
111.0,Teddy,teddy@bobsburgers.rest,New Jersey
112.0,Jimmy Pesto,jimmy@bobsburgers.rest,Maine
21.0,Jon Snow,knowsnothing@westeros.kingdom,New Jersey
521.0,Linda Flynn-Fletcher,linda@danvillekids.com,New Jersey
57.0,Ron Swanson,ron@pawnee.gov,New Jersey
54.0,Lucas S.,lucas@hawkins.ind,Maine
289.0,Geordi La Forge,geordi@enterprise.starfleet,Maine
517.0,Perry the Platypus,agentp@danvillekids.com,New Jersey
1.0,Rachel,rachel@centralperk.coffee,New Jersey
13.0,Skyler W.,skyler@lospolloshermanos.biz,Maine
51.0,Eleven,eleven@hawkins.ind,Maine
265.0,Beatrice Horseman,beatrice@hollywoo.net,Maine
365.0,Pugsley A.,pugsley@nevermore.academy,New Jersey
475.0,Paulie Gualtieri,paulie@northjersey.net,New Jersey
113.0,Mort,mort@bobsburgers.rest,New Jersey
454.0,Saul Goodman,saul@lospolloshermanos.biz,Maine
12.0,Jesse Pinkman,jesse@lospolloshermanos.biz,New Jersey
220.0,Izzie Stevens,izzie@seattlegrace.med,New Jersey
363.0,Morticia Addams,morticia@nevermore.academy,New Jersey
318.0,Simon Tam,simon@serenity.ship,Maine
56.0,Leslie Knope,leslie@pawnee.gov,New Jersey
465.0,Bunk Moreland,bunk@westbaltimore.net,New Jersey
367.0,Enid Sinclair,enid@nevermore.academy,New Jersey
238.0,Suzanne Warren,crazyeyes@litchfield.pen,Maine
239.0,Tasha Jefferson,tastyee@litchfield.pen,New Jersey
105.0,Jake M.,jake@lawndale.high,New Jersey
225.0,April Kepner,april@seattlegrace.med,Maine
327.0,John Doggett,doggett@fbi.gov,New Jersey
353.0,Laura Palmer,laura@twinpeaks.wa,Maine
503.0,Patrick Star,patrick@bikinibottom.net,Maine
383.0,Jack Donaghy,jack@tgs.nbc,Maine
450.0,Aidan Shaw,aidan@manhattan.nyc,New Jersey
193.0,David Rosen,david@oliviapopeandassociates.com,New Jersey
304.0,Xander Harris,xander@sunnydale.high,Maine
283.0,Joe Keene Jr.,keene@keenecounty.police,New Jersey
496.0,Little Ricky,littlericky@ricardoproductions.tv,New Jersey
519.0,Buford,buford@danvillekids.com,Maine
214.0,Nicky B.,nicky@banksresidence.la,Maine
70.0,Annie Edison,annie@greendale.edu,New Jersey
291.0,Deanna Troi,troi@enterprise.starfleet,New Jersey
321.0,Serenity,serenity@serenity.ship,Maine
398.0,Big Daddy,bigdaddy@goldengirls.house,Maine
432.0,Jerry Seinfeld,jerry@vandelayindustries.com,Maine
449.0,Harry Goldenblatt,harry@manhattan.nyc,New Jersey
350.0,Elliot,elliot@easthighland.high,New Jersey
153.0,Chachi A.,chachi@arnoldsdrivein.diner,New Jersey
322.0,Fox Mulder,mulder@fbi.gov,Maine
404.0,Roman Roy,romulus@waystarroyco.com,New Jersey
419.0,Count von Count,count@sesamestreet.org,New Jersey
181.0,Sheneneh,sheneneh@wzhup.det,New Jersey
445.0,Samantha Jones,samantha@manhattan.nyc,New Jersey
486.0,Pete Campbell,pete@sterlingcooper.com,New Jersey
304.0,Xander Harris,xander@sunnydale.high,New Jersey
240.0,Nicky Nichols,nicky@litchfield.pen,New Jersey
431.0,Coach,coach@cheers.bar,New Jersey
265.0,Beatrice Horseman,beatrice@hollywoo.net,New Jersey
77.0,Nicholas Brody,brody@cia.gov,New Jersey
13.0,Skyler W.,skyler@lospolloshermanos.biz,New Jersey
422.0,Sam Malone,sam@cheers.bar,New Jersey
127.0,Laura Spencer,laura@generalhospital.med,New Jersey
116.0,Fred Rogers,misterrogers@neighborhood.org,New Jersey
210.0,Hilary B.,hilary@banksresidence.la,New Jersey
297.0,Kira Nerys,kira@ds9.starfleet,Maine
337.0,Sayid Jarrah,sayid@dharma.initiative,Maine
414.0,Cookie Monster,cookie@sesamestreet.org,Maine
501.0,Betty Ramsey,betty@ricardoproductions.tv,New Jersey
446.0,Mr. Big,mrbig@manhattan.nyc,New Jersey
506.0,Sandy Cheeks,sandy@bikinibottom.net,Maine
93.0,Stan Walker,stan@willandgrace.nyc,New Jersey
262.0,Hollyhock,hollyhock@hollywoo.net,New Jersey
185.0,Nipsey,nipsey@wzhup.det,New Jersey
312.0,Malcolm Reynolds,mal@serenity.ship,New Jersey
309.0,Anya Jenkins,anya@sunnydale.high,New Jersey
408.0,Greg Hirsch,cousingreg@waystarroyco.com,New Jersey
269.0,Buster Bluth,buster@bluthcompany.biz,New Jersey
92.0,Elliot,elliot@willandgrace.nyc,New Jersey
396.0,Stan Z.,stan@goldengirls.house,New Jersey
503.0,Patrick Star,patrick@bikinibottom.net,New Jersey
255.0,Bad Janet,badjanet@thegoodplace.afterlife,Maine
379.0,Charlie Young,charlie@westwing.gov,New Jersey
275.0,Ann Veal,her@bluthcompany.biz,New Jersey
225.0,April Kepner,april@seattlegrace.med,New Jersey
451.0,Smith Jerrod,smith@manhattan.nyc,New Jersey
294.0,Tasha Yar,tasha@enterprise.starfleet,New Jersey
5.0,Joey,howyoudoing@centralperk.coffee,New Jersey
281.0,Will Reeves,hoodedjustice@keenecounty.police,New Jersey
383.0,Jack Donaghy,jack@tgs.nbc,New Jersey
224.0,Jackson Avery,jackson@seattlegrace.med,New Jersey
279.0,Adrian Veidt,ozymandias@keenecounty.police,New Jersey
26.0,Cersei L.,queenregent@westeros.kingdom,New Jersey
51.0,Eleven,eleven@hawkins.ind,New Jersey
249.0,Jason Mendoza,jason@thegoodplace.afterlife,New Jersey
112.0,Jimmy Pesto,jimmy@bobsburgers.rest,New Jersey
314.0,Hoban Washburne,wash@serenity.ship,New Jersey
296.0,Benjamin Sisko,sisko@ds9.starfleet,New Jersey
125.0,Handyman Negri,negri@neighborhood.org,Maine
249.0,Jason Mendoza,jason@thegoodplace.afterlife,Maine
175.0,Sierra,sierra@paperboi.atl,New Jersey
277.0,Laurie Blake,laurie@keenecounty.police,New Jersey
162.0,Sergeant Kramer,kramer@lapd.gov,New Jersey
427.0,Frasier Crane,frasier@cheers.bar,New Jersey
392.0,Dorothy Zbornak,dorothy@goldengirls.house,New Jersey
105.0,Jake M.,jake@lawndale.high,Maine
466.0,Stringer Bell,stringer@westbaltimore.net,New Jersey
97.0,Jane Lane,jane@lawndale.high,New Jersey
144.0,Victoria N.,victoria@genoa.city,New Jersey
348.0,Kat Hernandez,kat@easthighland.high,New Jersey
373.0,Leo McGarry,leo@westwing.gov,New Jersey
266.0,Michael Bluth,michael@bluthcompany.biz,New Jersey
102.0,Jodie L.,jodie@lawndale.high,New Jersey
290.0,Worf,worf@enterprise.starfleet,New Jersey
68.0,Abed Nadir,abed@greendale.edu,Maine
198.0,Fozzie Bear,fozzie@muppetstudios.com,New Jersey
420.0,Abby Cadabby,abby@sesamestreet.org,New Jersey
31.0,Homer S.,donuts@springfield.power,New Jersey
149.0,Ralph Malph,ralph@arnoldsdrivein.diner,New Jersey
83.0,Max Piotrowski,max@cia.gov,New Jersey
245.0,Gloria Mendoza,gloria@litchfield.pen,New Jersey
41.0,Michael Scott,mscott@dundermifflin.com,New Jersey
332.0,Jack Shephard,jack@dharma.initiative,New Jersey
130.0,Carly C.,carly@generalhospital.med,New Jersey
510.0,Karen,karen@bikinibottom.net,New Jersey
516.0,Dr. Doofenshmirtz,doof@danvillekids.com,New Jersey
33.0,Bart,elbarto@springfield.power,Maine
316.0,Kaylee Frye,kaylee@serenity.ship,New Jersey
474.0,Christopher Moltisanti,chrism@northjersey.net,New Jersey
274.0,George Bluth Sr.,george@bluthcompany.biz,New Jersey
235.0,Lumen Pierce,lumen@miamimetro.gov,New Jersey
44.0,Dwight Schrute,dwight@dundermifflin.com,Maine
218.0,Cristina Yang,cristina@seattlegrace.med,New Jersey
283.0,Joe Keene Jr.,keene@keenecounty.police,Maine
39.0,Chief Wiggum,wiggum@springfield.power,New Jersey
229.0,Angel Batista,angel@miamimetro.gov,Maine
356.0,Shelly Johnson,shelly@twinpeaks.wa,New Jersey
362.0,Wednesday Addams,wednesday@nevermore.academy,New Jersey
437.0,Frank Costanza,serenitynow@vandelayindustries.com,Maine
504.0,Squidward Tentacles,squidward@bikinibottom.net,New Jersey
485.0,Joan Holloway,joan@sterlingcooper.com,New Jersey
227.0,Debra Morgan,debra@miamimetro.gov,New Jersey
99.0,Trent Lane,trent@lawndale.high,New Jersey
358.0,James Hurley,james@twinpeaks.wa,New Jersey
274.0,George Bluth Sr.,george@bluthcompany.biz,Maine
120.0,Daniel Tiger,daniel@neighborhood.org,Maine
170.0,Tracy,tracy@paperboi.atl,Maine
273.0,Lucille Bluth,lucille@bluthcompany.biz,New Jersey
93.0,Stan Walker,stan@willandgrace.nyc,Maine
323.0,Dana Scully,scully@fbi.gov,New Jersey
452.0,Walter White,heisenberg@lospolloshermanos.biz,New Jersey
154.0,Al Delvecchio,al@arnoldsdrivein.diner,New Jersey
437.0,Frank Costanza,serenitynow@vandelayindustries.com,New Jersey
236.0,Piper Chapman,piper@litchfield.pen,Maine
221.0,Miranda Bailey,bailey@seattlegrace.med,New Jersey
313.0,Zoe Washburne,zoe@serenity.ship,New Jersey
17.0,Mike E.,mike@lospolloshermanos.biz,Maine
16.0,Gus Fring,gus@lospolloshermanos.biz,New Jersey
173.0,Lucas,lucas@paperboi.atl,New Jersey
341.0,Ben Linus,ben@dharma.initiative,New Jersey
308.0,Spike,spike@sunnydale.high,New Jersey
47.0,Stanley H.,stanley@dundermifflin.com,Maine
263.0,Herb Kazzaz,herb@hollywoo.net,New Jersey
86.0,Will Truman,will@willandgrace.nyc,New Jersey
319.0,River Tam,river@serenity.ship,New Jersey
115.0,Gayle,gayle@bobsburgers.rest,New Jersey
165.0,Ken Franklin,franklin@lapd.gov,New Jersey
307.0,Angel,angel@sunnydale.high,New Jersey
471.0,Cedric Daniels,daniels@westbaltimore.net,New Jersey
197.0,Miss Piggy,misspiggy@muppetstudios.com,New Jersey
248.0,Tahani Al-Jamil,tahani@thegoodplace.afterlife,New Jersey
477.0,Meadow Soprano,meadow@northjersey.net,Maine
391.0,Grizz,grizz@tgs.nbc,New Jersey
432.0,Jerry Seinfeld,jerry@vandelayindustries.com,New Jersey
302.0,Buffy Summers,buffy@sunnydale.high,Maine
64.0,Rosa D.,rosa@nypd99.com,Maine
351.0,Cal Jacobs,cal@easthighland.high,New Jersey
174.0,Cristian,cristian@paperboi.atl,New Jersey
441.0,Uncle Leo,hello@vandelayindustries.com,New Jersey
455.0,Gus Fring,gus@lospolloshermanos.biz,New Jersey
24.0,Arya Stark,noface@westeros.kingdom,New Jersey
79.0,Peter Quinn,quinn@cia.gov,New Jersey
187.0,Fitzgerald Grant,fitz@oliviapopeandassociates.com,Maine
404.0,Roman Roy,romulus@waystarroyco.com,Maine
483.0,Peggy Olson,peggy@sterlingcooper.com,New Jersey
400.0,K. McClanahan,katherine@goldengirls.house,New Jersey
67.0,Britta P.,britta@greendale.edu,Maine
375.0,C.J. Cregg,cj@westwing.gov,New Jersey
201.0,Rowlf,rowlf@muppetstudios.com,Maine
187.0,Fitzgerald Grant,fitz@oliviapopeandassociates.com,New Jersey
210.0,Hilary B.,hilary@banksresidence.la,Maine
406.0,Connor Roy,connor@waystarroyco.com,Maine
320.0,Shepherd Book,book@serenity.ship,New Jersey
86.0,Will Truman,will@willandgrace.nyc,Maine
91.0,Beverley L.,beverley@willandgrace.nyc,Maine
34.0,Lisa S.,saxgirl@springfield.power,New Jersey
382.0,Liz Lemon,liz@tgs.nbc,New Jersey
194.0,Jake Ballard,jake@oliviapopeandassociates.com,New Jersey
70.0,Annie Edison,annie@greendale.edu,Maine
104.0,Helen M.,helen@lawndale.high,New Jersey
62.0,Amy S.,amy@nypd99.com,Maine
412.0,Big Bird,bigbird@sesamestreet.org,New Jersey
135.0,Anna Devane,anna@generalhospital.med,New Jersey
520.0,Vanessa D.,vanessa@danvillekids.com,New Jersey
53.0,Dustin H.,dustin@hawkins.ind,New Jersey
64.0,Rosa D.,rosa@nypd99.com,New Jersey
279.0,Adrian Veidt,ozymandias@keenecounty.police,Maine
382.0,Liz Lemon,liz@tgs.nbc,Maine
349.0,Fezco,fez@easthighland.high,New Jersey
22.0,Daenerys T.,dragonqueen@westeros.kingdom,New Jersey
366.0,Uncle Fester,fester@nevermore.academy,New Jersey
46.0,Kevin M.,kevin@dundermifflin.com,New Jersey
116.0,Fred Rogers,misterrogers@neighborhood.org,Maine
150.0,Joanie C.,joanie@arnoldsdrivein.diner,Maine
35.0,Maggie,maggie@springfield.power,New Jersey
344.0,Nate Jacobs,nate@easthighland.high,Maine
403.0,Kendall Roy,kendall@waystarroyco.com,Maine
254.0,Mindy St. Claire,mindy@thegoodplace.afterlife,Maine
384.0,Tracy Jordan,tracy@tgs.nbc,New Jersey
336.0,Hugo Reyes,hurley@dharma.initiative,New Jersey
123.0,Lady Elaine,ladyelaine@neighborhood.org,New Jersey
6.0,P. Buffay,smellycat@centralperk.coffee,Maine
161.0,Lieutenant Duffy,duffy@lapd.gov,New Jersey
492.0,Lucy Ricardo,lucy@ricardoproductions.tv,New Jersey
97.0,Jane Lane,jane@lawndale.high,Maine
124.0,Chef Brockett,chef@neighborhood.org,New Jersey
131.0,Elizabeth W.,elizabeth@generalhospital.med,New Jersey
514.0,Candace Flynn,candace@danvillekids.com,New Jersey
58.0,Tom H.,tom@pawnee.gov,Maine
378.0,Donna Moss,donna@westwing.gov,Maine
480.0,Junior Soprano,junior@northjersey.net,New Jersey
114.0,Regular Sized Rudy,rudy@bobsburgers.rest,New Jersey
52.0,Mike W.,mike@hawkins.ind,New Jersey
179.0,Thomas M.,tommy@wzhup.det,New Jersey
442.0,Carrie Bradshaw,carrie@manhattan.nyc,New Jersey
20.0,Lydia R.,lydia@lospolloshermanos.biz,New Jersey
4.0,Chandler Bing,chandlerb@centralperk.coffee,New Jersey
445.0,Samantha Jones,samantha@manhattan.nyc,Maine
226.0,Dexter Morgan,dexter@miamimetro.gov,Maine
148.0,Potsie W.,potsie@arnoldsdrivein.diner,Maine
498.0,Marion Strong,marion@ricardoproductions.tv,New Jersey
8.0,Janice,ohmygod@centralperk.coffee,Maine
243.0,Dayanara Diaz,daya@litchfield.pen,New Jersey
107.0,Linda B.,linda@bobsburgers.rest,New Jersey
500.0,Jerry,jerry@ricardoproductions.tv,Maine
346.0,Cassie Howard,cassie@easthighland.high,Maine
29.0,Samwell T.,maester@westeros.kingdom,New Jersey
16.0,Gus Fring,gus@lospolloshermanos.biz,Maine
488.0,Sally Draper,sally@sterlingcooper.com,New Jersey
75.0,Magnitude,pop@greendale.edu,New Jersey
411.0,Frank Vernon,frank@waystarroyco.com,New Jersey
242.0,Lorna Morello,lorna@litchfield.pen,New Jersey
446.0,Mr. Big,mrbig@manhattan.nyc,Maine
244.0,Sophia Burset,sophia@litchfield.pen,New Jersey
89.0,Karen Walker,karen@willandgrace.nyc,New Jersey
354.0,Audrey Horne,audrey@twinpeaks.wa,New Jersey
125.0,Handyman Negri,negri@neighborhood.org,New Jersey
331.0,Samantha M.,samantha@fbi.gov,Maine
417.0,Bert,bert@sesamestreet.org,New Jersey
250.0,Michael,michael@thegoodplace.afterlife,New Jersey
417.0,Bert,bert@sesamestreet.org,Maine
376.0,Toby Ziegler,toby@westwing.gov,New Jersey
234.0,Harry Morgan,harry@miamimetro.gov,New Jersey
233.0,Hannah McKay,hannah@miamimetro.gov,Maine
82.0,Dana B.,dana@cia.gov,New Jersey
257.0,Diane Nguyen,diane@hollywoo.net,New Jersey
393.0,Rose Nylund,rose@goldengirls.house,New Jersey
172.0,Bibby,bibby@paperboi.atl,New Jersey
403.0,Kendall Roy,kendall@waystarroyco.com,New Jersey
270.0,George Michael,gmichael@bluthcompany.biz,New Jersey
511.0,Pearl Krabs,pearl@bikinibottom.net,New Jersey
135.0,Anna Devane,anna@generalhospital.med,Maine
76.0,Carrie Mathison,carrie@cia.gov,Maine
464.0,Kima Greggs,kima@westbaltimore.net,New Jersey
101.0,Brittany T.,brittany@lawndale.high,New Jersey
401.0,Angela Petrillo,angela@goldengirls.house,New Jersey
395.0,Sophia Petrillo,sophia@goldengirls.house,New Jersey
169.0,Vanessa K.,van@paperboi.atl,New Jersey
401.0,Angela Petrillo,angela@goldengirls.house,Maine
173.0,Lucas,lucas@paperboi.atl,Maine
134.0,Maxie Jones,maxie@generalhospital.med,Maine
213.0,Jazz,jazz@banksresidence.la,Maine
175.0,Sierra,sierra@paperboi.atl,Maine
84.0,Fara S.,fara@cia.gov,New Jersey
316.0,Kaylee Frye,kaylee@serenity.ship,Maine
494.0,Ethel Mertz,ethel@ricardoproductions.tv,Maine
444.0,Charlotte York,charlotte@manhattan.nyc,Maine
338.0,Claire Littleton,claire@dharma.initiative,New Jersey
434.0,Elaine Benes,elaine@vandelayindustries.com,New Jersey
493.0,Ricky Ricardo,ricky@ricardoproductions.tv,New Jersey
258.0,Mr. Peanutbutter,mrpb@hollywoo.net,New Jersey
207.0,Carlton B.,carlton@banksresidence.la,New Jersey
180.0,Cole Brown,cole@wzhup.det,New Jersey
342.0,Rue Bennett,rue@easthighland.high,New Jersey
103.0,Mack M.,mack@lawndale.high,New Jersey
138.0,Jack Abbott,jack@genoa.city,Maine
25.0,Sansa S.,queenofthenorth@westeros.kingdom,New Jersey
160.0,Captain Sampson,sampson@lapd.gov,New Jersey
300.0,Julian Bashir,bashir@ds9.starfleet,New Jersey
33.0,Bart,elbarto@springfield.power,New Jersey
370.0,Eugene O.,eugene@nevermore.academy,Maine
366.0,Uncle Fester,fester@nevermore.academy,Maine
236.0,Piper Chapman,piper@litchfield.pen,New Jersey
190.0,Huck,huck@oliviapopeandassociates.com,New Jersey
128.0,Sonny Corinthos,sonny@generalhospital.med,New Jersey
27.0,J. Lannister,kingslayer@westeros.kingdom,New Jersey
109.0,Gene B.,gene@bobsburgers.rest,New Jersey
106.0,Bob Belcher,bob@bobsburgers.rest,New Jersey
141.0,Sharon N.,sharon@genoa.city,Maine
494.0,Ethel Mertz,ethel@ricardoproductions.tv,New Jersey
66.0,Jeff Winger,jeff@greendale.edu,New Jersey
302.0,Buffy Summers,buffy@sunnydale.high,New Jersey
509.0,Mrs. Puff,puff@bikinibottom.net,New Jersey
371.0,Principal Weems,weems@nevermore.academy,New Jersey
466.0,Stringer Bell,stringer@westbaltimore.net,Maine
212.0,Geoffrey,geoffrey@banksresidence.la,Maine
479.0,Dr. Melfi,melfi@northjersey.net,New Jersey
443.0,Miranda Hobbes,miranda@manhattan.nyc,New Jersey
208.0,Philip Banks,unclephil@banksresidence.la,Maine
213.0,Jazz,jazz@banksresidence.la,New Jersey
186.0,Olivia Pope,olivia@oliviapopeandassociates.com,New Jersey
196.0,Kermit,kermit@muppetstudios.com,New Jersey
35.0,Maggie,maggie@springfield.power,Maine
136.0,Victor Newman,victor@genoa.city,Maine
352.0,Dale Cooper,coop@twinpeaks.wa,New Jersey
287.0,William Riker,riker@enterprise.starfleet,Maine
410.0,Marcia Roy,marcia@waystarroyco.com,Maine
212.0,Geoffrey,geoffrey@banksresidence.la,New Jersey
45.0,Angela M.,angela@dundermifflin.com,Maine
294.0,Tasha Yar,tasha@enterprise.starfleet,Maine
299.0,Jadzia Dax,dax@ds9.starfleet,Maine
211.0,Ashley B.,ashley@banksresidence.la,Maine
423.0,Diane Chambers,diane@cheers.bar,New Jersey
43.0,Pam Beesly,pam@dundermifflin.com,New Jersey
163.0,Commissioner Halperin,halperin@lapd.gov,Maine
44.0,Dwight Schrute,dwight@dundermifflin.com,New Jersey
66.0,Jeff Winger,jeff@greendale.edu,Maine
88.0,Jack McFarland,jack@willandgrace.nyc,New Jersey
286.0,Jean-Luc Picard,picard@enterprise.starfleet,New Jersey
485.0,Joan Holloway,joan@sterlingcooper.com,Maine
478.0,AJ Soprano,aj@northjersey.net,New Jersey
456.0,Mike Ehrmantraut,mike@lospolloshermanos.biz,Maine
247.0,Chidi Anagonye,chidi@thegoodplace.afterlife,Maine
177.0,Gina Waters,gina@wzhup.det,New Jersey
285.0,Pirate Jenny,jenny@keenecounty.police,New Jersey
365.0,Pugsley A.,pugsley@nevermore.academy,Maine
172.0,Bibby,bibby@paperboi.atl,Maine
182.0,Bruh-Man,bruhman@wzhup.det,New Jersey
426.0,Carla T.,carla@cheers.bar,New Jersey
32.0,Marge,marge@springfield.power,New Jersey
309.0,Anya Jenkins,anya@sunnydale.high,Maine
278.0,Wade Tillman,lookingglass@keenecounty.police,Maine
253.0,Vicky,vicky@thegoodplace.afterlife,New Jersey
418.0,Ernie,ernie@sesamestreet.org,New Jersey
305.0,Rupert Giles,giles@sunnydale.high,New Jersey
200.0,Animal,animal@muppetstudios.com,New Jersey
378.0,Donna Moss,donna@westwing.gov,New Jersey
267.0,Gob Bluth,gob@bluthcompany.biz,New Jersey
414.0,Cookie Monster,cookie@sesamestreet.org,New Jersey
440.0,Jackie Chiles,jackie@vandelayindustries.com,New Jersey
129.0,Jason Morgan,jason@generalhospital.med,New Jersey
421.0,Rosita,rosita@sesamestreet.org,Maine
15.0,H. Schrader,hank@lospolloshermanos.biz,New Jersey
217.0,Derek Shepherd,mcdreamy@seattlegrace.med,New Jersey
208.0,Philip Banks,unclephil@banksresidence.la,New Jersey
190.0,Huck,huck@oliviapopeandassociates.com,Maine
189.0,Abby Whelan,abby@oliviapopeandassociates.com,New Jersey
372.0,Josiah Bartlet,president@westwing.gov,New Jersey
409.0,Gerri Kellman,gerri@waystarroyco.com,New Jersey
328.0,Monica Reyes,reyes@fbi.gov,Maine
100.0,Kevin T.,kevin@lawndale.high,New Jersey
370.0,Eugene O.,eugene@nevermore.academy,New Jersey
251.0,Janet,janet@thegoodplace.afterlife,New Jersey
11.0,Walter White,heisenberg@lospolloshermanos.biz,New Jersey
381.0,Will Bailey,will@westwing.gov,New Jersey
155.0,Jenny Piccalo,jenny@arnoldsdrivein.diner,New Jersey
217.0,Derek Shepherd,mcdreamy@seattlegrace.med,Maine
439.0,David Puddy,puddy@vandelayindustries.com,New Jersey
411.0,Frank Vernon,frank@waystarroyco.com,Maine
276.0,Angela Abar,sisternight@keenecounty.police,New Jersey
201.0,Rowlf,rowlf@muppetstudios.com,New Jersey
340.0,Jin Kwon,jin@dharma.initiative,New Jersey
278.0,Wade Tillman,lookingglass@keenecounty.police,New Jersey
50.0,Creed,creed@dundermifflin.com,Maine
62.0,Amy S.,amy@nypd99.com,New Jersey
146.0,Richie C.,richie@arnoldsdrivein.diner,New Jersey
329.0,Deep Throat,deepthroat@fbi.gov,New Jersey
287.0,William Riker,riker@enterprise.starfleet,New Jersey
472.0,Tony Soprano,tony@northjersey.net,New Jersey
390.0,Dot Com,dotcom@tgs.nbc,New Jersey
448.0,Steve Brady,steve@manhattan.nyc,New Jersey
10.0,Emily,emily@centralperk.coffee,New Jersey
476.0,Silvio Dante,silvio@northjersey.net,Maine
456.0,Mike Ehrmantraut,mike@lospolloshermanos.biz,New Jersey
359.0,Log Lady,loglady@twinpeaks.wa,New Jersey
141.0,Sharon N.,sharon@genoa.city,New Jersey
289.0,Geordi La Forge,geordi@enterprise.starfleet,New Jersey
94.0,Vince D'Angelo,vince@willandgrace.nyc,New Jersey
69.0,Troy Barnes,troy@greendale.edu,New Jersey
372.0,Josiah Bartlet,president@westwing.gov,Maine
219.0,Alex Karev,alex@seattlegrace.med,New Jersey
292.0,Beverly Crusher,crusher@enterprise.starfleet,Maine
54.0,Lucas S.,lucas@hawkins.ind,New Jersey
374.0,Josh Lyman,josh@westwing.gov,New Jersey
288.0,Data,data@enterprise.starfleet,New Jersey
115.0,Gayle,gayle@bobsburgers.rest,Maine
226.0,Dexter Morgan,dexter@miamimetro.gov,New Jersey
409.0,Gerri Kellman,gerri@waystarroyco.com,Maine
399.0,Harry Weston,harry@goldengirls.house,New Jersey
176.0,Martin Payne,martin@wzhup.det,New Jersey
500.0,Jerry,jerry@ricardoproductions.tv,New Jersey
388.0,Frank Rossitano,frank@tgs.nbc,Maine
198.0,Fozzie Bear,fozzie@muppetstudios.com,Maine
512.0,Phineas Flynn,phineas@danvillekids.com,Maine
481.0,Adriana La Cerva,adriana@northjersey.net,New Jersey
229.0,Angel Batista,angel@miamimetro.gov,New Jersey
222.0,Richard Webber,webber@seattlegrace.med,New Jersey
14.0,Saul Goodman,bettercallsaul@lospolloshermanos.biz,New Jersey
170.0,Tracy,tracy@paperboi.atl,New Jersey
334.0,James Ford,sawyer@dharma.initiative,New Jersey
102.0,Jodie L.,jodie@lawndale.high,Maine
484.0,Roger Sterling,roger@sterlingcooper.com,New Jersey
78.0,Saul B.,saul@cia.gov,Maine
188.0,Mellie Grant,mellie@oliviapopeandassociates.com,New Jersey
178.0,Pamela James,pam@wzhup.det,Maine
38.0,Krusty,krusty@springfield.power,Maine
469.0,Marlo Stanfield,marlo@westbaltimore.net,New Jersey
43.0,Pam Beesly,pam@dundermifflin.com,Maine
19.0,Todd,todd@lospolloshermanos.biz,New Jersey
147.0,Arthur Fonzarelli,fonzie@arnoldsdrivein.diner,New Jersey
320.0,Shepherd Book,book@serenity.ship,Maine
184.0,Stan Winters,stan@wzhup.det,New Jersey
143.0,Billy Abbott,billy@genoa.city,New Jersey
191.0,Quinn Perkins,quinn@oliviapopeandassociates.com,Maine
490.0,Ken Cosgrove,ken@sterlingcooper.com,New Jersey
334.0,James Ford,sawyer@dharma.initiative,Maine
227.0,Debra Morgan,debra@miamimetro.gov,Maine
426.0,Carla T.,carla@cheers.bar,Maine
272.0,Tobias Funke,tobias@bluthcompany.biz,New Jersey
519.0,Buford,buford@danvillekids.com,New Jersey
436.0,Newman,newman@vandelayindustries.com,Maine
475.0,Paulie Gualtieri,paulie@northjersey.net,Maine
397.0,Miles Webber,miles@goldengirls.house,New Jersey
322.0,Fox Mulder,mulder@fbi.gov,New Jersey
269.0,Buster Bluth,buster@bluthcompany.biz,Maine
343.0,Jules Vaughn,jules@easthighland.high,New Jersey
65.0,Charles B.,charles@nypd99.com,New Jersey
518.0,Baljeet,baljeet@danvillekids.com,New Jersey
18.0,Marie S.,marie@lospolloshermanos.biz,New Jersey
333.0,Kate Austen,kate@dharma.initiative,New Jersey
119.0,King Friday,kingfriday@neighborhood.org,New Jersey
65.0,Charles B.,charles@nypd99.com,Maine
142.0,Nick Newman,nick@genoa.city,New Jersey
385.0,Jenna Maroney,jenna@tgs.nbc,New Jersey
9.0,Mike H.,mike@centralperk.coffee,Maine
439.0,David Puddy,puddy@vandelayindustries.com,Maine
50.0,Creed,creed@dundermifflin.com,New Jersey
37.0,Mr. Burns,monty@springfield.power,New Jersey
242.0,Lorna Morello,lorna@litchfield.pen,Maine
508.0,Gary,meow@bikinibottom.net,New Jersey
337.0,Sayid Jarrah,sayid@dharma.initiative,New Jersey
291.0,Deanna Troi,troi@enterprise.starfleet,Maine
431.0,Coach,coach@cheers.bar,Maine
78.0,Saul B.,saul@cia.gov,New Jersey
6.0,P. Buffay,smellycat@centralperk.coffee,New Jersey
133.0,Alexis D.,alexis@generalhospital.med,New Jersey
471.0,Cedric Daniels,daniels@westbaltimore.net,Maine
174.0,Cristian,cristian@paperboi.atl,Maine
247.0,Chidi Anagonye,chidi@thegoodplace.afterlife,New Jersey
353.0,Laura Palmer,laura@twinpeaks.wa,New Jersey
369.0,Bianca B.,bianca@nevermore.academy,New Jersey
507.0,Plankton,plankton@bikinibottom.net,New Jersey
335.0,John Locke,locke@dharma.initiative,New Jersey
352.0,Dale Cooper,coop@twinpeaks.wa,Maine
63.0,Terry J.,terry@nypd99.com,New Jersey
266.0,Michael Bluth,michael@bluthcompany.biz,Maine
137.0,Nikki N.,nikki@genoa.city,Maine
91.0,Beverley L.,beverley@willandgrace.nyc,New Jersey
406.0,Connor Roy,connor@waystarroyco.com,New Jersey
453.0,Jesse Pinkman,jesse@lospolloshermanos.biz,New Jersey
463.0,Lester Freamon,lester@westbaltimore.net,New Jersey
195.0,Marcus Walker,marcus@oliviapopeandassociates.com,New Jersey
491.0,Harry Crane,harry@sterlingcooper.com,New Jersey
77.0,Nicholas Brody,brody@cia.gov,Maine
447.0,Stanford Blatch,stanford@manhattan.nyc,New Jersey
98.0,Quinn M.,quinn@lawndale.high,New Jersey
502.0,SpongeBob SquarePants,spongebob@bikinibottom.net,New Jersey
482.0,Don Draper,don@sterlingcooper.com,New Jersey
515.0,Isabella G.,isabella@danvillekids.com,Maine
26.0,Cersei L.,queenregent@westeros.kingdom,Maine
440.0,Jackie Chiles,jackie@vandelayindustries.com,Maine
489.0,Bert Cooper,bert@sterlingcooper.com,New Jersey
387.0,Pete Hornberger,pete@tgs.nbc,Maine
255.0,Bad Janet,badjanet@thegoodplace.afterlife,New Jersey
203.0,Statler,statler@muppetstudios.com,New Jersey
107.0,Linda B.,linda@bobsburgers.rest,Maine
95.0,Leo Markus,leo@willandgrace.nyc,New Jersey
241.0,Red Reznikov,red@litchfield.pen,New Jersey
142.0,Nick Newman,nick@genoa.city,Maine
202.0,Scooter,scooter@muppetstudios.com,New Jersey
8.0,Janice,ohmygod@centralperk.coffee,New Jersey
508.0,Gary,meow@bikinibottom.net,Maine
345.0,Maddy Perez,maddy@easthighland.high,New Jersey
241.0,Red Reznikov,red@litchfield.pen,Maine
63.0,Terry J.,terry@nypd99.com,Maine
49.0,Oscar M.,oscar@dundermifflin.com,New Jersey
30.0,Brienne,brienne@westeros.kingdom,New Jersey
151.0,Howard C.,howard@arnoldsdrivein.diner,New Jersey
444.0,Charlotte York,charlotte@manhattan.nyc,New Jersey
424.0,Norm Peterson,norm@cheers.bar,New Jersey
275.0,Ann Veal,her@bluthcompany.biz,Maine
521.0,Linda Flynn-Fletcher,linda@danvillekids.com,Maine
469.0,Marlo Stanfield,marlo@westbaltimore.net,Maine
306.0,Cordelia Chase,cordy@sunnydale.high,New Jersey
271.0,Maeby F.,maeby@bluthcompany.biz,New Jersey
260.0,Princess Carolyn,pc@hollywoo.net,New Jersey
126.0,Luke Spencer,luke@generalhospital.med,New Jersey
368.0,Xavier Thorpe,xavier@nevermore.academy,New Jersey
319.0,River Tam,river@serenity.ship,Maine
360.0,Leland Palmer,leland@twinpeaks.wa,New Jersey
438.0,Estelle C.,estelle@vandelayindustries.com,Maine
270.0,George Michael,gmichael@bluthcompany.biz,Maine
7.0,Gunther,gunther@centralperk.coffee,Maine
410.0,Marcia Roy,marcia@waystarroyco.com,New Jersey
380.0,Abbey Bartlet,abbey@westwing.gov,New Jersey
108.0,Tina B.,tina@bobsburgers.rest,New Jersey
458.0,Kim Wexler,kim@lospolloshermanos.biz,New Jersey
110.0,Louise B.,louise@bobsburgers.rest,New Jersey
41.0,Michael Scott,mscott@dundermifflin.com,Maine
219.0,Alex Karev,alex@seattlegrace.med,Maine
386.0,Kenneth Parcell,kenneth@tgs.nbc,New Jersey
156.0,Lt. Columbo,columbo@lapd.gov,New Jersey
416.0,Grover,grover@sesamestreet.org,New Jersey
58.0,Tom H.,tom@pawnee.gov,New Jersey
482.0,Don Draper,don@sterlingcooper.com,Maine
164.0,Dr. Ray Flemming,flemming@lapd.gov,New Jersey
148.0,Potsie W.,potsie@arnoldsdrivein.diner,New Jersey
158.0,Dog,dog@lapd.gov,New Jersey
237.0,Alex Vause,alex@litchfield.pen,New Jersey
506.0,Sandy Cheeks,sandy@bikinibottom.net,New Jersey
40.0,Milhouse,milhouse@springfield.power,Maine
139.0,Ashley A.,ashley@genoa.city,New Jersey
438.0,Estelle C.,estelle@vandelayindustries.com,New Jersey
89.0,Karen Walker,karen@willandgrace.nyc,Maine
474.0,Christopher Moltisanti,chrism@northjersey.net,Maine
497.0,Mrs. Trumbull,trumbull@ricardoproductions.tv,New Jersey
121.0,X the Owl,xowl@neighborhood.org,Maine
478.0,AJ Soprano,aj@northjersey.net,Maine
292.0,Beverly Crusher,crusher@enterprise.starfleet,New Jersey
120.0,Daniel Tiger,daniel@neighborhood.org,New Jersey
343.0,Jules Vaughn,jules@easthighland.high,Maine
61.0,Jake P.,jake@nypd99.com,Maine
111.0,Teddy,teddy@bobsburgers.rest,Maine
488.0,Sally Draper,sally@sterlingcooper.com,Maine
12.0,Jesse Pinkman,jesse@lospolloshermanos.biz,Maine
23.0,Tyrion L.,theimp@westeros.kingdom,New Jersey
470.0,Bubbles,bubbles@westbaltimore.net,Maine
362.0,Wednesday Addams,wednesday@nevermore.academy,Maine
430.0,Rebecca Howe,rebecca@cheers.bar,New Jersey
301.0,Miles O'Brien,obrien@ds9.starfleet,New Jersey
2.0,R. Geller,rossg@centralperk.coffee,Maine
443.0,Miranda Hobbes,miranda@manhattan.nyc,Maine
262.0,Hollyhock,hollyhock@hollywoo.net,Maine
87.0,Grace Adler,grace@willandgrace.nyc,New Jersey
497.0,Mrs. Trumbull,trumbull@ricardoproductions.tv,Maine
60.0,Andy Dwyer,andy@pawnee.gov,New Jersey
251.0,Janet,janet@thegoodplace.afterlife,Maine
435.0,Kramer,kramer@vandelayindustries.com,New Jersey
457.0,Skyler White,skyler@lospolloshermanos.biz,New Jersey
405.0,Shiv Roy,shiv@waystarroyco.com,New Jersey
318.0,Simon Tam,simon@serenity.ship,New Jersey
106.0,Bob Belcher,bob@bobsburgers.rest,Maine
354.0,Audrey Horne,audrey@twinpeaks.wa,Maine
421.0,Rosita,rosita@sesamestreet.org,New Jersey
328.0,Monica Reyes,reyes@fbi.gov,New Jersey
96.0,Daria M.,daria@lawndale.high,New Jersey
82.0,Dana B.,dana@cia.gov,Maine
345.0,Maddy Perez,maddy@easthighland.high,Maine
169.0,Vanessa K.,van@paperboi.atl,Maine
405.0,Shiv Roy,shiv@waystarroyco.com,Maine
230.0,Vince Masuka,vince@miamimetro.gov,Maine
476.0,Silvio Dante,silvio@northjersey.net,New Jersey
192.0,Cyrus Beene,cyrus@oliviapopeandassociates.com,New Jersey
324.0,Walter Skinner,skinner@fbi.gov,New Jersey
306.0,Cordelia Chase,cordy@sunnydale.high,Maine
204.0,Waldorf,waldorf@muppetstudios.com,New Jersey
184.0,Stan Winters,stan@wzhup.det,Maine
453.0,Jesse Pinkman,jesse@lospolloshermanos.biz,Maine
215.0,Lisa W.,lisa@banksresidence.la,New Jersey
326.0,Alex Krycek,krycek@fbi.gov,New Jersey
243.0,Dayanara Diaz,daya@litchfield.pen,Maine
36.0,Ned Flanders,ned@springfield.power,Maine
282.0,Lady Trieu,trieu@keenecounty.police,New Jersey
85.0,Dar Adal,dar@cia.gov,Maine
156.0,Lt. Columbo,columbo@lapd.gov,Maine
132.0,Sam McCall,sam@generalhospital.med,New Jersey
387.0,Pete Hornberger,pete@tgs.nbc,New Jersey
122.0,Henrietta Pussycat,meow@neighborhood.org,Maine
330.0,The Lone Gunmen,lonegunmen@fbi.gov,New Jersey
429.0,Lilith S.,lilith@cheers.bar,New Jersey
518.0,Baljeet,baljeet@danvillekids.com,Maine
394.0,Blanche Devereaux,blanche@goldengirls.house,Maine
499.0,Caroline Appleby,caroline@ricardoproductions.tv,New Jersey
232.0,James Doakes,doakes@miamimetro.gov,New Jersey
295.0,Guinan,guinan@enterprise.starfleet,New Jersey
268.0,Lindsay F.,lindsay@bluthcompany.biz,Maine
246.0,Eleanor Shellstrop,eleanor@thegoodplace.afterlife,New Jersey
28.0,Bran Stark,threeeyedraven@westeros.kingdom,New Jersey
180.0,Cole Brown,cole@wzhup.det,Maine
347.0,Lexi Howard,lexi@easthighland.high,New Jersey
171.0,Clark County,clark@paperboi.atl,Maine
388.0,Frank Rossitano,frank@tgs.nbc,New Jersey
134.0,Maxie Jones,maxie@generalhospital.med,New Jersey
389.0,Cerie,cerie@tgs.nbc,New Jersey
299.0,Jadzia Dax,dax@ds9.starfleet,New Jersey
419.0,Count von Count,count@sesamestreet.org,Maine
74.0,Ben Chang,chang@greendale.edu,New Jersey
137.0,Nikki N.,nikki@genoa.city,New Jersey
121.0,X the Owl,xowl@neighborhood.org,New Jersey
425.0,Cliff Clavin,cliff@cheers.bar,New Jersey
159.0,Mrs. Columbo,mrscolumbo@lapd.gov,New Jersey
305.0,Rupert Giles,giles@sunnydale.high,Maine
268.0,Lindsay F.,lindsay@bluthcompany.biz,New Jersey
311.0,Dawn Summers,dawn@sunnydale.high,New Jersey
194.0,Jake Ballard,jake@oliviapopeandassociates.com,Maine
34.0,Lisa S.,saxgirl@springfield.power,Maine
502.0,SpongeBob SquarePants,spongebob@bikinibottom.net,Maine
118.0,Lady Aberlin,ladyaberlin@neighborhood.org,Maine
59.0,April L.,april@pawnee.gov,New Jersey
467.0,Avon Barksdale,avon@westbaltimore.net,Maine
325.0,Cigarette Smoking Man,csm@fbi.gov,Maine
344.0,Nate Jacobs,nate@easthighland.high,New Jersey
477.0,Meadow Soprano,meadow@northjersey.net,New Jersey
146.0,Richie C.,richie@arnoldsdrivein.diner,Maine
72.0,Pierce H.,pierce@greendale.edu,Maine
245.0,Gloria Mendoza,gloria@litchfield.pen,Maine
40.0,Milhouse,milhouse@springfield.power,New Jersey
166.0,Earnest Marks,earn@paperboi.atl,Maine
202.0,Scooter,scooter@muppetstudios.com,Maine
188.0,Mellie Grant,mellie@oliviapopeandassociates.com,Maine
199.0,Gonzo,gonzo@muppetstudios.com,New Jersey
412.0,Big Bird,bigbird@sesamestreet.org,Maine
15.0,H. Schrader,hank@lospolloshermanos.biz,Maine
154.0,Al Delvecchio,al@arnoldsdrivein.diner,Maine
311.0,Dawn Summers,dawn@sunnydale.high,Maine
267.0,Gob Bluth,gob@bluthcompany.biz,Maine
473.0,Carmela Soprano,carmela@northjersey.net,New Jersey
157.0,Sergeant Wilson,wilson@lapd.gov,New Jersey
317.0,Inara Serra,inara@serenity.ship,New Jersey
223.0,Callie Torres,callie@seattlegrace.med,New Jersey
375.0,C.J. Cregg,cj@westwing.gov,Maine
118.0,Lady Aberlin,ladyaberlin@neighborhood.org,New Jersey
495.0,Fred Mertz,fred@ricardoproductions.tv,New Jersey
87.0,Grace Adler,grace@willandgrace.nyc,Maine
30.0,Brienne,brienne@westeros.kingdom,Maine
436.0,Newman,newman@vandelayindustries.com,New Jersey
487.0,Betty Draper,betty@sterlingcooper.com,New Jersey
2.0,R. Geller,rossg@centralperk.coffee,New Jersey
256.0,BoJack Horseman,bojack@hollywoo.net,New Jersey
381.0,Will Bailey,will@westwing.gov,Maine
192.0,Cyrus Beene,cyrus@oliviapopeandassociates.com,Maine
68.0,Abed Nadir,abed@greendale.edu,New Jersey
333.0,Kate Austen,kate@dharma.initiative,Maine
296.0,Benjamin Sisko,sisko@ds9.starfleet,Maine
455.0,Gus Fring,gus@lospolloshermanos.biz,Maine
339.0,Sun Kwon,sun@dharma.initiative,Maine
325.0,Cigarette Smoking Man,csm@fbi.gov,New Jersey
441.0,Uncle Leo,hello@vandelayindustries.com,Maine
264.0,Gina Cazador,gina@hollywoo.net,New Jersey
185.0,Nipsey,nipsey@wzhup.det,Maine
450.0,Aidan Shaw,aidan@manhattan.nyc,Maine
516.0,Dr. Doofenshmirtz,doof@danvillekids.com,Maine
183.0,Mama Payne,mama@wzhup.det,New Jersey
42.0,Jim H.,jim@dundermifflin.com,New Jersey
493.0,Ricky Ricardo,ricky@ricardoproductions.tv,Maine
312.0,Malcolm Reynolds,mal@serenity.ship,Maine
495.0,Fred Mertz,fred@ricardoproductions.tv,Maine
407.0,Tom Wambsgans,tom@waystarroyco.com,Maine
462.0,Jimmy McNulty,mcnulty@westbaltimore.net,Maine
206.0,Will Smith,will@banksresidence.la,New Jersey
377.0,Sam Seaborn,sam@westwing.gov,New Jersey
428.0,Woody Boyd,woody@cheers.bar,New Jersey
492.0,Lucy Ricardo,lucy@ricardoproductions.tv,Maine
45.0,Angela M.,angela@dundermifflin.com,New Jersey
133.0,Alexis D.,alexis@generalhospital.med,Maine
206.0,Will Smith,will@banksresidence.la,Maine
394.0,Blanche Devereaux,blanche@goldengirls.house,New Jersey
512.0,Phineas Flynn,phineas@danvillekids.com,New Jersey
298.0,Odo,odo@ds9.starfleet,Maine
238.0,Suzanne Warren,crazyeyes@litchfield.pen,New Jersey
46.0,Kevin M.,kevin@dundermifflin.com,Maine
398.0,Big Daddy,bigdaddy@goldengirls.house,New Jersey
396.0,Stan Z.,stan@goldengirls.house,Maine
230.0,Vince Masuka,vince@miamimetro.gov,New Jersey
427.0,Frasier Crane,frasier@cheers.bar,Maine
178.0,Pamela James,pam@wzhup.det,New Jersey
228.0,Rita B.,rita@miamimetro.gov,New Jersey
264.0,Gina Cazador,gina@hollywoo.net,Maine
101.0,Brittany T.,brittany@lawndale.high,Maine
433.0,George Costanza,george@vandelayindustries.com,New Jersey
442.0,Carrie Bradshaw,carrie@manhattan.nyc,Maine
277.0,Laurie Blake,laurie@keenecounty.police,Maine
71.0,Shirley B.,shirley@greendale.edu,New Jersey
196.0,Kermit,kermit@muppetstudios.com,Maine
109.0,Gene B.,gene@bobsburgers.rest,Maine
48.0,Andy B.,andy@dundermifflin.com,New Jersey
420.0,Abby Cadabby,abby@sesamestreet.org,Maine
505.0,Mr. Krabs,krabs@bikinibottom.net,New Jersey
425.0,Cliff Clavin,cliff@cheers.bar,Maine
303.0,Willow R.,willow@sunnydale.high,New Jersey
61.0,Jake P.,jake@nypd99.com,New Jersey
92.0,Elliot,elliot@willandgrace.nyc,Maine
272.0,Tobias Funke,tobias@bluthcompany.biz,Maine
386.0,Kenneth Parcell,kenneth@tgs.nbc,Maine
402.0,Logan Roy,logan@waystarroyco.com,New Jersey
177.0,Gina Waters,gina@wzhup.det,Maine
364.0,Gomez Addams,gomez@nevermore.academy,New Jersey
21.0,Jon Snow,knowsnothing@westeros.kingdom,Maine
460.0,Hank Schrader,hank@lospolloshermanos.biz,New Jersey
393.0,Rose Nylund,rose@goldengirls.house,Maine
36.0,Ned Flanders,ned@springfield.power,New Jersey
323.0,Dana Scully,scully@fbi.gov,Maine
248.0,Tahani Al-Jamil,tahani@thegoodplace.afterlife,Maine
390.0,Dot Com,dotcom@tgs.nbc,Maine
350.0,Elliot,elliot@easthighland.high,Maine
308.0,Spike,spike@sunnydale.high,Maine
100.0,Kevin T.,kevin@lawndale.high,Maine
415.0,Oscar the Grouch,oscar@sesamestreet.org,Maine
462.0,Jimmy McNulty,mcnulty@westbaltimore.net,New Jersey
347.0,Lexi Howard,lexi@easthighland.high,Maine
183.0,Mama Payne,mama@wzhup.det,Maine
479.0,Dr. Melfi,melfi@northjersey.net,Maine
298.0,Odo,odo@ds9.starfleet,New Jersey
71.0,Shirley B.,shirley@greendale.edu,Maine
117.0,Mr. McFeely,speedydelivery@neighborhood.org,New Jersey
38.0,Krusty,krusty@springfield.power,New Jersey
407.0,Tom Wambsgans,tom@waystarroyco.com,New Jersey
297.0,Kira Nerys,kira@ds9.starfleet,New Jersey
331.0,Samantha M.,samantha@fbi.gov,New Jersey
152.0,Marion C.,marion@arnoldsdrivein.diner,New Jersey
237.0,Alex Vause,alex@litchfield.pen,Maine
501.0,Betty Ramsey,betty@ricardoproductions.tv,Maine
301.0,Miles O'Brien,obrien@ds9.starfleet,Maine
473.0,Carmela Soprano,carmela@northjersey.net,Maine
84.0,Fara S.,fara@cia.gov,Maine
330.0,The Lone Gunmen,lonegunmen@fbi.gov,Maine
252.0,Shawn,shawn@thegoodplace.afterlife,New Jersey
10.0,Emily,emily@centralperk.coffee,Maine
391.0,Grizz,grizz@tgs.nbc,Maine
90.0,Rosario Salazar,rosario@willandgrace.nyc,Maine
205.0,Swedish Chef,chef@muppetstudios.com,Maine
24.0,Arya Stark,noface@westeros.kingdom,Maine
17.0,Mike E.,mike@lospolloshermanos.biz,New Jersey
509.0,Mrs. Puff,puff@bikinibottom.net,Maine
355.0,Donna Hayward,donna@twinpeaks.wa,New Jersey
429.0,Lilith S.,lilith@cheers.bar,Maine
74.0,Ben Chang,chang@greendale.edu,Maine
211.0,Ashley B.,ashley@banksresidence.la,New Jersey
342.0,Rue Bennett,rue@easthighland.high,Maine
280.0,Cal Abar,cal@keenecounty.police,New Jersey
168.0,Darius,darius@paperboi.atl,New Jersey
80.0,David Estes,estes@cia.gov,Maine
361.0,Lucy Moran,lucy@twinpeaks.wa,New Jersey
358.0,James Hurley,james@twinpeaks.wa,Maine
239.0,Tasha Jefferson,tastyee@litchfield.pen,Maine
384.0,Tracy Jordan,tracy@tgs.nbc,Maine
209.0,Vivian Banks,auntviv@banksresidence.la,New Jersey
433.0,George Costanza,george@vandelayindustries.com,Maine
250.0,Michael,michael@thegoodplace.afterlife,Maine
377.0,Sam Seaborn,sam@westwing.gov,Maine
470.0,Bubbles,bubbles@westbaltimore.net,New Jersey
324.0,Walter Skinner,skinner@fbi.gov,Maine
504.0,Squidward Tentacles,squidward@bikinibottom.net,Maine
76.0,Carrie Mathison,carrie@cia.gov,New Jersey
505.0,Mr. Krabs,krabs@bikinibottom.net,Maine
460.0,Hank Schrader,hank@lospolloshermanos.biz,Maine
216.0,Meredith Grey,meredith@seattlegrace.med,Maine
128.0,Sonny Corinthos,sonny@generalhospital.med,Maine
98.0,Quinn M.,quinn@lawndale.high,Maine
149.0,Ralph Malph,ralph@arnoldsdrivein.diner,Maine
136.0,Victor Newman,victor@genoa.city,New Jersey
490.0,Ken Cosgrove,ken@sterlingcooper.com,Maine
357.0,Bobby Briggs,bobby@twinpeaks.wa,New Jersey
295.0,Guinan,guinan@enterprise.starfleet,Maine
221.0,Miranda Bailey,bailey@seattlegrace.med,Maine
338.0,Claire Littleton,claire@dharma.initiative,Maine
203.0,Statler,statler@muppetstudios.com,Maine
95.0,Leo Markus,leo@willandgrace.nyc,Maine
339.0,Sun Kwon,sun@dharma.initiative,New Jersey
47.0,Stanley H.,stanley@dundermifflin.com,New Jersey
155.0,Jenny Piccalo,jenny@arnoldsdrivein.diner,Maine
7.0,Gunther,gunther@centralperk.coffee,New Jersey
472.0,Tony Soprano,tony@northjersey.net,Maine
126.0,Luke Spencer,luke@generalhospital.med,Maine
286.0,Jean-Luc Picard,picard@enterprise.starfleet,Maine
254.0,Mindy St. Claire,mindy@thegoodplace.afterlife,New Jersey
232.0,James Doakes,doakes@miamimetro.gov,Maine
463.0,Lester Freamon,lester@westbaltimore.net,Maine
448.0,Steve Brady,steve@manhattan.nyc,Maine
158.0,Dog,dog@lapd.gov,Maine
113.0,Mort,mort@bobsburgers.rest,Maine
513.0,Ferb Fletcher,ferb@danvillekids.com,Maine
108.0,Tina B.,tina@bobsburgers.rest,Maine
461.0,Lydia Rodarte-Quayle,lydia@lospolloshermanos.biz,Maine
231.0,Maria LaGuerta,maria@miamimetro.gov,New Jersey
157.0,Sergeant Wilson,wilson@lapd.gov,Maine
293.0,Wesley Crusher,wesley@enterprise.starfleet,New Jersey
22.0,Daenerys T.,dragonqueen@westeros.kingdom,Maine
357.0,Bobby Briggs,bobby@twinpeaks.wa,Maine
207.0,Carlton B.,carlton@banksresidence.la,Maine
27.0,J. Lannister,kingslayer@westeros.kingdom,Maine
261.0,Sarah Lynn,sarah@hollywoo.net,New Jersey
103.0,Mack M.,mack@lawndale.high,Maine
153.0,Chachi A.,chachi@arnoldsdrivein.diner,Maine
498.0,Marion Strong,marion@ricardoproductions.tv,Maine
99.0,Trent Lane,trent@lawndale.high,Maine
160.0,Captain Sampson,sampson@lapd.gov,Maine
168.0,Darius,darius@paperboi.atl,Maine
204.0,Waldorf,waldorf@muppetstudios.com,Maine
341.0,Ben Linus,ben@dharma.initiative,Maine
205.0,Swedish Chef,chef@muppetstudios.com,New Jersey
220.0,Izzie Stevens,izzie@seattlegrace.med,Maine
454.0,Saul Goodman,saul@lospolloshermanos.biz,New Jersey
145.0,Adam Newman,adam@genoa.city,New Jersey
3.0,Monica Geller,chefmonica@centralperk.coffee,New Jersey
459.0,Jimmy McGill,jimmy@lospolloshermanos.biz,New Jersey
451.0,Smith Jerrod,smith@manhattan.nyc,Maine
413.0,Elmo,elmo@sesamestreet.org,New Jersey
326.0,Alex Krycek,krycek@fbi.gov,Maine
228.0,Rita B.,rita@miamimetro.gov,Maine
422.0,Sam Malone,sam@cheers.bar,Maine
307.0,Angel,angel@sunnydale.high,Maine
81.0,Jessica B.,jessica@cia.gov,Maine
259.0,Todd Chavez,todd@hollywoo.net,New Jersey
55.0,Will B.,will@hawkins.ind,New Jersey
348.0,Kat Hernandez,kat@easthighland.high,Maine
199.0,Gonzo,gonzo@muppetstudios.com,Maine
467.0,Avon Barksdale,avon@westbaltimore.net,New Jersey
346.0,Cassie Howard,cassie@easthighland.high,New Jersey
73.0,Dean Pelton,dean@greendale.edu,New Jersey
233.0,Hannah McKay,hannah@miamimetro.gov,New Jersey
215.0,Lisa W.,lisa@banksresidence.la,Maine
53.0,Dustin H.,dustin@hawkins.ind,Maine
461.0,Lydia Rodarte-Quayle,lydia@lospolloshermanos.biz,New Jersey
483.0,Peggy Olson,peggy@sterlingcooper.com,Maine
321.0,Serenity,serenity@serenity.ship,New Jersey
42.0,Jim H.,jim@dundermifflin.com,Maine
197.0,Miss Piggy,misspiggy@muppetstudios.com,Maine
315.0,Jayne Cobb,jayne@serenity.ship,Maine
151.0,Howard C.,howard@arnoldsdrivein.diner,Maine
171.0,Clark County,clark@paperboi.atl,New Jersey
373.0,Leo McGarry,leo@westwing.gov,Maine
147.0,Arthur Fonzarelli,fonzie@arnoldsdrivein.diner,Maine
423.0,Diane Chambers,diane@cheers.bar,Maine
124.0,Chef Brockett,chef@neighborhood.org,Maine
48.0,Andy B.,andy@dundermifflin.com,Maine
56.0,Leslie Knope,leslie@pawnee.gov,Maine
9.0,Mike H.,mike@centralperk.coffee,New Jersey
310.0,Tara M.,tara@sunnydale.high,New Jersey
256.0,BoJack Horseman,bojack@hollywoo.net,Maine
235.0,Lumen Pierce,lumen@miamimetro.gov,Maine
14.0,Saul Goodman,bettercallsaul@lospolloshermanos.biz,Maine
11.0,Walter White,heisenberg@lospolloshermanos.biz,Maine
161.0,Lieutenant Duffy,duffy@lapd.gov,Maine
60.0,Andy Dwyer,andy@pawnee.gov,Maine
72.0,Pierce H.,pierce@greendale.edu,New Jersey
480.0,Junior Soprano,junior@northjersey.net,Maine
259.0,Todd Chavez,todd@hollywoo.net,Maine
191.0,Quinn Perkins,quinn@oliviapopeandassociates.com,New Jersey
19.0,Todd,todd@lospolloshermanos.biz,Maine
253.0,Vicky,vicky@thegoodplace.afterlife,Maine
263.0,Herb Kazzaz,herb@hollywoo.net,Maine
129.0,Jason Morgan,jason@generalhospital.med,Maine
193.0,David Rosen,david@oliviapopeandassociates.com,Maine
400.0,K. McClanahan,katherine@goldengirls.house,Maine
276.0,Angela Abar,sisternight@keenecounty.police,Maine
359.0,Log Lady,loglady@twinpeaks.wa,Maine
408.0,Greg Hirsch,cousingreg@waystarroyco.com,Maine
164.0,Dr. Ray Flemming,flemming@lapd.gov,Maine
176.0,Martin Payne,martin@wzhup.det,Maine
486.0,Pete Campbell,pete@sterlingcooper.com,Maine
257.0,Diane Nguyen,diane@hollywoo.net,Maine
380.0,Abbey Bartlet,abbey@westwing.gov,Maine
59.0,April L.,april@pawnee.gov,Maine
315.0,Jayne Cobb,jayne@serenity.ship,New Jersey
379.0,Charlie Young,charlie@westwing.gov,Maine
117.0,Mr. McFeely,speedydelivery@neighborhood.org,Maine
415.0,Oscar the Grouch,oscar@sesamestreet.org,New Jersey
385.0,Jenna Maroney,jenna@tgs.nbc,Maine
90.0,Rosario Salazar,rosario@willandgrace.nyc,New Jersey
73.0,Dean Pelton,dean@greendale.edu,Maine
216.0,Meredith Grey,meredith@seattlegrace.med,New Jersey
55.0,Will B.,will@hawkins.ind,Maine
5.0,Joey,howyoudoing@centralperk.coffee,Maine
458.0,Kim Wexler,kim@lospolloshermanos.biz,Maine
81.0,Jessica B.,jessica@cia.gov,New Jersey
1.0,Rachel,rachel@centralperk.coffee,Maine
290.0,Worf,worf@enterprise.starfleet,Maine
138.0,Jack Abbott,jack@genoa.city,New Jersey
367.0,Enid Sinclair,enid@nevermore.academy,Maine
240.0,Nicky Nichols,nicky@litchfield.pen,Maine
487.0,Betty Draper,betty@sterlingcooper.com,Maine
3.0,Monica Geller,chefmonica@centralperk.coffee,Maine
29.0,Samwell T.,maester@westeros.kingdom,Maine
368.0,Xavier Thorpe,xavier@nevermore.academy,Maine
481.0,Adriana La Cerva,adriana@northjersey.net,Maine
4.0,Chandler Bing,chandlerb@centralperk.coffee,Maine
303.0,Willow R.,willow@sunnydale.high,Maine
231.0,Maria LaGuerta,maria@miamimetro.gov,Maine
300.0,Julian Bashir,bashir@ds9.starfleet,Maine
80.0,David Estes,estes@cia.gov,New Jersey
273.0,Lucille Bluth,lucille@bluthcompany.biz,Maine
88.0,Jack McFarland,jack@willandgrace.nyc,Maine
510.0,Karen,karen@bikinibottom.net,Maine
313.0,Zoe Washburne,zoe@serenity.ship,Maine
195.0,Marcus Walker,marcus@oliviapopeandassociates.com,Maine
351.0,Cal Jacobs,cal@easthighland.high,Maine
413.0,Elmo,elmo@sesamestreet.org,Maine
218.0,Cristina Yang,cristina@seattlegrace.med,Maine
327.0,John Doggett,doggett@fbi.gov,Maine
271.0,Maeby F.,maeby@bluthcompany.biz,Maine
130.0,Carly C.,carly@generalhospital.med,Maine
369.0,Bianca B.,bianca@nevermore.academy,Maine
484.0,Roger Sterling,roger@sterlingcooper.com,Maine
69.0,Troy Barnes,troy@greendale.edu,Maine
428.0,Woody Boyd,woody@cheers.bar,Maine
285.0,Pirate Jenny,jenny@keenecounty.police,Maine
114.0,Regular Sized Rudy,rudy@bobsburgers.rest,Maine
389.0,Cerie,cerie@tgs.nbc,Maine
340.0,Jin Kwon,jin@dharma.initiative,Maine
52.0,Mike W.,mike@hawkins.ind,Maine
165.0,Ken Franklin,franklin@lapd.gov,Maine
336.0,Hugo Reyes,hurley@dharma.initiative,Maine
520.0,Vanessa D.,vanessa@danvillekids.com,Maine
314.0,Hoban Washburne,wash@serenity.ship,Maine
31.0,Homer S.,donuts@springfield.power,Maine
261.0,Sarah Lynn,sarah@hollywoo.net,Maine
150.0,Joanie C.,joanie@arnoldsdrivein.diner,New Jersey
258.0,Mr. Peanutbutter,mrpb@hollywoo.net,Maine
152.0,Marion C.,marion@arnoldsdrivein.diner,Maine
517.0,Perry the Platypus,agentp@danvillekids.com,Maine
284.0,Red Scare,redscare@keenecounty.police,Maine
468.0,Omar Little,omar@westbaltimore.net,New Jersey
363.0,Morticia Addams,morticia@nevermore.academy,Maine
416.0,Grover,grover@sesamestreet.org,Maine
244.0,Sophia Burset,sophia@litchfield.pen,Maine
364.0,Gomez Addams,gomez@nevermore.academy,Maine
140.0,Phyllis S.,phyllis@genoa.city,Maine
75.0,Magnitude,pop@greendale.edu,Maine
395.0,Sophia Petrillo,sophia@goldengirls.house,Maine
246.0,Eleanor Shellstrop,eleanor@thegoodplace.afterlife,Maine
434.0,Elaine Benes,elaine@vandelayindustries.com,Maine
317.0,Inara Serra,inara@serenity.ship,Maine
293.0,Wesley Crusher,wesley@enterprise.starfleet,Maine
32.0,Marge,marge@springfield.power,Maine
361.0,Lucy Moran,lucy@twinpeaks.wa,Maine
200.0,Animal,animal@muppetstudios.com,Maine
447.0,Stanford Blatch,stanford@manhattan.nyc,Maine
37.0,Mr. Burns,monty@springfield.power,Maine
459.0,Jimmy McGill,jimmy@lospolloshermanos.biz,Maine
223.0,Callie Torres,callie@seattlegrace.med,Maine
399.0,Harry Weston,harry@goldengirls.house,Maine
489.0,Bert Cooper,bert@sterlingcooper.com,Maine
144.0,Victoria N.,victoria@genoa.city,Maine
360.0,Leland Palmer,leland@twinpeaks.wa,Maine
356.0,Shelly Johnson,shelly@twinpeaks.wa,Maine
435.0,Kramer,kramer@vandelayindustries.com,Maine
465.0,Bunk Moreland,bunk@westbaltimore.net,Maine
457.0,Skyler White,skyler@lospolloshermanos.biz,Maine
511.0,Pearl Krabs,pearl@bikinibottom.net,Maine
18.0,Marie S.,marie@lospolloshermanos.biz,Maine
376.0,Toby Ziegler,toby@westwing.gov,Maine
179.0,Thomas M.,tommy@wzhup.det,Maine
332.0,Jack Shephard,jack@dharma.initiative,Maine
355.0,Donna Hayward,donna@twinpeaks.wa,Maine
186.0,Olivia Pope,olivia@oliviapopeandassociates.com,Maine
252.0,Shawn,shawn@thegoodplace.afterlife,Maine
496.0,Little Ricky,littlericky@ricardoproductions.tv,Maine
234.0,Harry Morgan,harry@miamimetro.gov,Maine
123.0,Lady Elaine,ladyelaine@neighborhood.org,Maine
20.0,Lydia R.,lydia@lospolloshermanos.biz,Maine
418.0,Ernie,ernie@sesamestreet.org,Maine
514.0,Candace Flynn,candace@danvillekids.com,Maine
374.0,Josh Lyman,josh@westwing.gov,Maine
139.0,Ashley A.,ashley@genoa.city,Maine
452.0,Walter White,heisenberg@lospolloshermanos.biz,Maine
