Transaction_Date,Store_ID,RewardsID,Prod_Num,Sale_Amount,Year,Month,Store_Location,State,Territory_Manager,Region,Region_Director,Product,CategoryID,SubcategoryID,Category,Subcategory,cust_id,date,time,name,email,phone,sms_opt_out
2024-01-01,726,,105341-IT,1763.7,2024,2024-01,Orlando,Florida,Lana Ilana,South,Andy Gisselquist,MSI Creator Z16,120,120-lap,Technology & Accessories,Laptops,,,,,,,
2024-01-27,701,,105341-IT,1763.7,2024,2024-01,Aurora,Colorado,Jim Heck,West,Cassie Chambers,MSI Creator Z16,120,120-lap,Technology & Accessories,Laptops,,,,,,,
2024-01-27,736,,105341-IT,1763.7,2024,2024-01,North Harford,Maryland,Shruti Reddy,Northeast,Michael Jarvis,MSI Creator Z16,120,120-lap,Technology & Accessories,Laptops,,,,,,,
2024-01-10,823,337.0,105341-IT,1763.7,2024,2024-01,South Portland,Maine,Erbayne Middleton,Northeast,Michael Jarvis,MSI Creator Z16,120,120-lap,Technology & Accessories,Laptops,337.0,2024-01-21,11:35:20,Sayid Jarrah,sayid@dharma.initiative,808-555-1406,N
2024-01-09,872,,105341-IT,1763.7,2024,2024-01,Waterbury,Connecticut,Ellen Lemon,East,Ana Jilani,MSI Creator Z16,120,120-lap,Technology & Accessories,Laptops,,,,,,,
2024-01-18,736,,105341-IT,1763.7,2024,2024-01,North Harford,Maryland,Shruti Reddy,Northeast,Michael Jarvis,MSI Creator Z16,120,120-lap,Technology & Accessories,Laptops,,,,,,,
2024-01-31,822,,105341-IT,1763.7,2024,2024-01,Orono,Maine,Erbayne Middleton,Northeast,Michael Jarvis,MSI Creator Z16,120,120-lap,Technology & Accessories,Laptops,,,,,,,
2024-01-09,731,,105341-IT,1763.7,2024,2024-01,Annapolis,Maryland,Shruti Reddy,Northeast,Michael Jarvis,MSI Creator Z16,120,120-lap,Technology & Accessories,Laptops,,,,,,,
2024-01-07,849,,105326-IT,1717.7,2024,2024-01,Brooklyn,New York,See Ellefson,East,Ana Jilani,"Apple MacBook Air (M2, 13-inch)",120,120-lap,Technology & Accessories,Laptops,,,,,,,
2024-01-31,729,,105326-IT,1717.7,2024,2024-01,Tampa,Florida,Lana Ilana,South,Andy Gisselquist,"Apple MacBook Air (M2, 13-inch)",120,120-lap,Technology & Accessories,Laptops,,,,,,,
2024-01-28,838,,105325-IT,1717.7,2024,2024-01,Trenton,New Jersey,Miami Vue,Northeast,Michael Jarvis,"Apple MacBook Pro (M2, 14-inch)",120,120-lap,Technology & Accessories,Laptops,,,,,,,
2024-01-11,843,,105326-IT,1717.7,2024,2024-01,Ithaca,New York,See Ellefson,East,Ana Jilani,"Apple MacBook Air (M2, 13-inch)",120,120-lap,Technology & Accessories,Laptops,,,,,,,
2024-01-24,736,,105326-IT,1717.7,2024,2024-01,North Harford,Maryland,Shruti Reddy,Northeast,Michael Jarvis,"Apple MacBook Air (M2, 13-inch)",120,120-lap,Technology & Accessories,Laptops,,,,,,,
2024-01-27,820,,105325-IT,1717.7,2024,2024-01,Kennebunkport,Maine,Erbayne Middleton,Northeast,Michael Jarvis,"Apple MacBook Pro (M2, 14-inch)",120,120-lap,Technology & Accessories,Laptops,,,,,,,
2024-01-27,849,,105325-IT,1717.7,2024,2024-01,Brooklyn,New York,See Ellefson,East,Ana Jilani,"Apple MacBook Pro (M2, 14-inch)",120,120-lap,Technology & Accessories,Laptops,,,,,,,
2024-01-27,827,,105326-IT,1717.7,2024,2024-01,Clifton,New Jersey,Miami Vue,Northeast,Michael Jarvis,"Apple MacBook Air (M2, 13-inch)",120,120-lap,Technology & Accessories,Laptops,,,,,,,
2024-01-02,850,283.0,105325-IT,1717.7,2024,2024-01,New York,New York,See Ellefson,East,Ana Jilani,"Apple MacBook Pro (M2, 14-inch)",120,120-lap,Technology & Accessories,Laptops,283.0,2023-12-18,20:20:00,Joe Keene Jr.,keene@keenecounty.police,918-555-2108,N
2024-01-26,865,,105326-IT,1717.7,2024,2024-01,Bridgeport,Connecticut,Ellen Lemon,East,Ana Jilani,"Apple MacBook Air (M2, 13-inch)",120,120-lap,Technology & Accessories,Laptops,,,,,,,
2024-01-22,840,,105325-IT,1717.7,2024,2024-01,Albany,New York,See Ellefson,East,Ana Jilani,"Apple MacBook Pro (M2, 14-inch)",120,120-lap,Technology & Accessories,Laptops,,,,,,,
2024-01-22,736,,105326-IT,1717.7,2024,2024-01,North Harford,Maryland,Shruti Reddy,Northeast,Michael Jarvis,"Apple MacBook Air (M2, 13-inch)",120,120-lap,Technology & Accessories,Laptops,,,,,,,
2024-01-26,836,,105326-IT,1717.7,2024,2024-01,Passaic,New Jersey,Miami Vue,Northeast,Michael Jarvis,"Apple MacBook Air (M2, 13-inch)",120,120-lap,Technology & Accessories,Laptops,,,,,,,
2024-01-09,819,,105326-IT,1717.7,2024,2024-01,Bar Harbor,Maine,Erbayne Middleton,Northeast,Michael Jarvis,"Apple MacBook Air (M2, 13-inch)",120,120-lap,Technology & Accessories,Laptops,,,,,,,
2024-01-14,817,,105325-IT,1717.7,2024,2024-01,Worcester,Massachusetts,Bo Heap,Northeast,Michael Jarvis,"Apple MacBook Pro (M2, 14-inch)",120,120-lap,Technology & Accessories,Laptops,,,,,,,
2024-01-03,724,,105326-IT,1717.7,2024,2024-01,Miami,Florida,Lana Ilana,South,Andy Gisselquist,"Apple MacBook Air (M2, 13-inch)",120,120-lap,Technology & Accessories,Laptops,,,,,,,
2024-01-17,736,,105326-IT,1717.7,2024,2024-01,North Harford,Maryland,Shruti Reddy,Northeast,Michael Jarvis,"Apple MacBook Air (M2, 13-inch)",120,120-lap,Technology & Accessories,Laptops,,,,,,,
2024-01-17,736,,105325-IT,1717.7,2024,2024-01,North Harford,Maryland,Shruti Reddy,Northeast,Michael Jarvis,"Apple MacBook Pro (M2, 14-inch)",120,120-lap,Technology & Accessories,Laptops,,,,,,,
2024-01-01,849,,105325-IT,1717.7,2024,2024-01,Brooklyn,New York,See Ellefson,East,Ana Jilani,"Apple MacBook Pro (M2, 14-inch)",120,120-lap,Technology & Accessories,Laptops,,,,,,,
2024-01-31,718,,105325-IT,1717.7,2024,2024-01,Wheat Ridge,Colorado,Jim Heck,West,Cassie Chambers,"Apple MacBook Pro (M2, 14-inch)",120,120-lap,Technology & Accessories,Laptops,,,,,,,
2024-01-22,834,,105326-IT,1717.7,2024,2024-01,New Brunswick,New Jersey,Miami Vue,Northeast,Michael Jarvis,"Apple MacBook Air (M2, 13-inch)",120,120-lap,Technology & Accessories,Laptops,,,,,,,
2024-01-09,806,,105326-IT,1717.7,2024,2024-01,Holyoke,Massachusetts,Bo Heap,Northeast,Michael Jarvis,"Apple MacBook Air (M2, 13-inch)",120,120-lap,Technology & Accessories,Laptops,,,,,,,
2024-01-13,736,,105325-IT,1717.7,2024,2024-01,North Harford,Maryland,Shruti Reddy,Northeast,Michael Jarvis,"Apple MacBook Pro (M2, 14-inch)",120,120-lap,Technology & Accessories,Laptops,,,,,,,
2024-01-21,828,,105326-IT,1717.7,2024,2024-01,East Orange,New Jersey,Miami Vue,Northeast,Michael Jarvis,"Apple MacBook Air (M2, 13-inch)",120,120-lap,Technology & Accessories,Laptops,,,,,,,
2024-01-10,705,,105325-IT,1717.7,2024,2024-01,Denver,Colorado,Jim Heck,West,Cassie Chambers,"Apple MacBook Pro (M2, 14-inch)",120,120-lap,Technology & Accessories,Laptops,,,,,,,
2024-01-30,817,,105325-IT,1717.7,2024,2024-01,Worcester,Massachusetts,Bo Heap,Northeast,Michael Jarvis,"Apple MacBook Pro (M2, 14-inch)",120,120-lap,Technology & Accessories,Laptops,,,,,,,
2024-01-18,731,367.0,105326-IT,1717.7,2024,2024-01,Annapolis,Maryland,Shruti Reddy,Northeast,Michael Jarvis,"Apple MacBook Air (M2, 13-inch)",120,120-lap,Technology & Accessories,Laptops,367.0,2024-02-15,11:20:30,Enid Sinclair,enid@nevermore.academy,914-555-1706,N
2024-01-13,721,,105325-IT,1717.7,2024,2024-01,Jacksonville,Florida,Lana Ilana,South,Andy Gisselquist,"Apple MacBook Pro (M2, 14-inch)",120,120-lap,Technology & Accessories,Laptops,,,,,,,
2024-01-09,850,,105330-IT,1376.44,2024,2024-01,New York,New York,See Ellefson,East,Ana Jilani,LG Gram 17,120,120-lap,Technology & Accessories,Laptops,,,,,,,
2024-01-30,736,,105330-IT,1376.44,2024,2024-01,North Harford,Maryland,Shruti Reddy,Northeast,Michael Jarvis,LG Gram 17,120,120-lap,Technology & Accessories,Laptops,,,,,,,
2024-01-19,710,,105330-IT,1376.44,2024,2024-01,Lafayette,Colorado,Jim Heck,West,Cassie Chambers,LG Gram 17,120,120-lap,Technology & Accessories,Laptops,,,,,,,
2024-01-02,833,,105330-IT,1376.44,2024,2024-01,Morristown,New Jersey,Miami Vue,Northeast,Michael Jarvis,LG Gram 17,120,120-lap,Technology & Accessories,Laptops,,,,,,,
2024-01-29,823,207.0,105330-IT,1376.44,2024,2024-01,South Portland,Maine,Erbayne Middleton,Northeast,Michael Jarvis,LG Gram 17,120,120-lap,Technology & Accessories,Laptops,207.0,2023-02-16,13:40:30,Carlton B.,carlton@banksresidence.la,310-555-1402,N
2024-01-06,828,56.0,105330-IT,1376.44,2024,2024-01,East Orange,New Jersey,Miami Vue,Northeast,Michael Jarvis,LG Gram 17,120,120-lap,Technology & Accessories,Laptops,56.0,2023-01-15,08:10:25,Leslie Knope,leslie@pawnee.gov,317-555-7001,N
2024-01-09,810,,105330-IT,1376.44,2024,2024-01,Nantucket,Massachusetts,Bo Heap,Northeast,Michael Jarvis,LG Gram 17,120,120-lap,Technology & Accessories,Laptops,,,,,,,
2024-01-16,810,,105336-IT,1317.7,2024,2024-01,Nantucket,Massachusetts,Bo Heap,Northeast,Michael Jarvis,Dell XPS 13,120,120-lap,Technology & Accessories,Laptops,,,,,,,
2024-01-22,736,,105338-IT,1317.7,2024,2024-01,North Harford,Maryland,Shruti Reddy,Northeast,Michael Jarvis,Dell Inspiron 15,120,120-lap,Technology & Accessories,Laptops,,,,,,,
2024-01-07,736,,105336-IT,1317.7,2024,2024-01,North Harford,Maryland,Shruti Reddy,Northeast,Michael Jarvis,Dell XPS 13,120,120-lap,Technology & Accessories,Laptops,,,,,,,
2024-01-13,807,,105338-IT,1317.7,2024,2024-01,Leominster,Massachusetts,Bo Heap,Northeast,Michael Jarvis,Dell Inspiron 15,120,120-lap,Technology & Accessories,Laptops,,,,,,,
2024-01-06,852,,105336-IT,1317.7,2024,2024-01,Charleston,South Carolina,Len Jensen,South,Andy Gisselquist,Dell XPS 13,120,120-lap,Technology & Accessories,Laptops,,,,,,,
2024-01-17,826,,105338-IT,1317.7,2024,2024-01,Cape May,New Jersey,Miami Vue,Northeast,Michael Jarvis,Dell Inspiron 15,120,120-lap,Technology & Accessories,Laptops,,,,,,,
2024-01-15,810,,105336-IT,1317.7,2024,2024-01,Nantucket,Massachusetts,Bo Heap,Northeast,Michael Jarvis,Dell XPS 13,120,120-lap,Technology & Accessories,Laptops,,,,,,,
2024-01-08,738,,105336-IT,1317.7,2024,2024-01,Queen Anne's County,Maryland,Shruti Reddy,Northeast,Michael Jarvis,Dell XPS 13,120,120-lap,Technology & Accessories,Laptops,,,,,,,
2024-01-13,865,,105336-IT,1317.7,2024,2024-01,Bridgeport,Connecticut,Ellen Lemon,East,Ana Jilani,Dell XPS 13,120,120-lap,Technology & Accessories,Laptops,,,,,,,
2024-01-04,845,,105336-IT,1317.7,2024,2024-01,Plattsburgh,New York,See Ellefson,East,Ana Jilani,Dell XPS 13,120,120-lap,Technology & Accessories,Laptops,,,,,,,
2024-01-27,736,,105336-IT,1317.7,2024,2024-01,North Harford,Maryland,Shruti Reddy,Northeast,Michael Jarvis,Dell XPS 13,120,120-lap,Technology & Accessories,Laptops,,,,,,,
2024-01-13,867,,105336-IT,1317.7,2024,2024-01,Hartford,Connecticut,Ellen Lemon,East,Ana Jilani,Dell XPS 13,120,120-lap,Technology & Accessories,Laptops,,,,,,,
2024-01-05,736,,105336-IT,1317.7,2024,2024-01,North Harford,Maryland,Shruti Reddy,Northeast,Michael Jarvis,Dell XPS 13,120,120-lap,Technology & Accessories,Laptops,,,,,,,
2024-01-02,835,,105336-IT,1317.7,2024,2024-01,Newark,New Jersey,Miami Vue,Northeast,Michael Jarvis,Dell XPS 13,120,120-lap,Technology & Accessories,Laptops,,,,,,,
2024-01-01,811,,105338-IT,1317.7,2024,2024-01,New Bedford,Massachusetts,Bo Heap,Northeast,Michael Jarvis,Dell Inspiron 15,120,120-lap,Technology & Accessories,Laptops,,,,,,,
2024-01-05,817,,105336-IT,1317.7,2024,2024-01,Worcester,Massachusetts,Bo Heap,Northeast,Michael Jarvis,Dell XPS 13,120,120-lap,Technology & Accessories,Laptops,,,,,,,
2024-01-10,817,,105338-IT,1317.7,2024,2024-01,Worcester,Massachusetts,Bo Heap,Northeast,Michael Jarvis,Dell Inspiron 15,120,120-lap,Technology & Accessories,Laptops,,,,,,,
2024-01-13,727,,105336-IT,1317.7,2024,2024-01,Sebring,Florida,Lana Ilana,South,Andy Gisselquist,Dell XPS 13,120,120-lap,Technology & Accessories,Laptops,,,,,,,
2024-01-28,810,274.0,105336-IT,1317.7,2024,2024-01,Nantucket,Massachusetts,Bo Heap,Northeast,Michael Jarvis,Dell XPS 13,120,120-lap,Technology & Accessories,Laptops,274.0,2024-01-11,21:35:10,George Bluth Sr.,george@bluthcompany.biz,949-555-2009,N
2024-01-26,732,,105338-IT,1317.7,2024,2024-01,Back River,Maryland,Shruti Reddy,Northeast,Michael Jarvis,Dell Inspiron 15,120,120-lap,Technology & Accessories,Laptops,,,,,,,
2024-01-26,736,,105338-IT,1317.7,2024,2024-01,North Harford,Maryland,Shruti Reddy,Northeast,Michael Jarvis,Dell Inspiron 15,120,120-lap,Technology & Accessories,Laptops,,,,,,,
2024-01-14,872,,105337-IT,1301.88,2024,2024-01,Waterbury,Connecticut,Ellen Lemon,East,Ana Jilani,HP Pavilion 14,120,120-lap,Technology & Accessories,Laptops,,,,,,,
2024-01-22,736,,105337-IT,1301.88,2024,2024-01,North Harford,Maryland,Shruti Reddy,Northeast,Michael Jarvis,HP Pavilion 14,120,120-lap,Technology & Accessories,Laptops,,,,,,,
2024-01-04,703,,105337-IT,1301.88,2024,2024-01,Boulder,Colorado,Jim Heck,West,Cassie Chambers,HP Pavilion 14,120,120-lap,Technology & Accessories,Laptops,,,,,,,
2024-01-27,846,,105337-IT,1301.88,2024,2024-01,Poestenkill,New York,See Ellefson,East,Ana Jilani,HP Pavilion 14,120,120-lap,Technology & Accessories,Laptops,,,,,,,
2024-01-27,851,,105337-IT,1301.88,2024,2024-01,Queens,New York,See Ellefson,East,Ana Jilani,HP Pavilion 14,120,120-lap,Technology & Accessories,Laptops,,,,,,,
2024-01-16,824,,105337-IT,1301.88,2024,2024-01,Atlantic City,New Jersey,Miami Vue,Northeast,Michael Jarvis,HP Pavilion 14,120,120-lap,Technology & Accessories,Laptops,,,,,,,
2024-01-08,736,98.0,105337-IT,1301.88,2024,2024-01,North Harford,Maryland,Shruti Reddy,Northeast,Michael Jarvis,HP Pavilion 14,120,120-lap,Technology & Accessories,Laptops,98.0,2023-04-09,16:05:40,Quinn M.,quinn@lawndale.high,973-555-9303,N
2024-01-03,823,,105337-IT,1301.88,2024,2024-01,South Portland,Maine,Erbayne Middleton,Northeast,Michael Jarvis,HP Pavilion 14,120,120-lap,Technology & Accessories,Laptops,,,,,,,
2024-01-29,739,,105337-IT,1301.88,2024,2024-01,Ridgely,Maryland,Shruti Reddy,Northeast,Michael Jarvis,HP Pavilion 14,120,120-lap,Technology & Accessories,Laptops,,,,,,,
2024-01-25,905,,105337-IT,1301.88,2024,2024-01,Beaumont,Texas,"Jeff ""Howdy"" Richards",South,Andy Gisselquist,HP Pavilion 14,120,120-lap,Technology & Accessories,Laptops,,,,,,,
2024-01-29,821,,105337-IT,1301.88,2024,2024-01,Lewiston,Maine,Erbayne Middleton,Northeast,Michael Jarvis,HP Pavilion 14,120,120-lap,Technology & Accessories,Laptops,,,,,,,
2024-01-09,721,,105337-IT,1301.88,2024,2024-01,Jacksonville,Florida,Lana Ilana,South,Andy Gisselquist,HP Pavilion 14,120,120-lap,Technology & Accessories,Laptops,,,,,,,
2024-01-27,826,407.0,105337-IT,1301.88,2024,2024-01,Cape May,New Jersey,Miami Vue,Northeast,Michael Jarvis,HP Pavilion 14,120,120-lap,Technology & Accessories,Laptops,407.0,2024-01-16,11:20:30,Tom Wambsgans,tom@waystarroyco.com,212-555-2106,N
2024-01-02,847,,105331-IT,1294.3,2024,2024-01,Rochester,New York,See Ellefson,East,Ana Jilani,Acer Chromebook Spin 713,120,120-lap,Technology & Accessories,Laptops,,,,,,,
2024-01-07,736,,105324-IT,1294.3,2024,2024-01,North Harford,Maryland,Shruti Reddy,Northeast,Michael Jarvis,Lenovo IdeaPad Flex 5,120,120-lap,Technology & Accessories,Laptops,,,,,,,
2024-01-26,736,,105331-IT,1294.3,2024,2024-01,North Harford,Maryland,Shruti Reddy,Northeast,Michael Jarvis,Acer Chromebook Spin 713,120,120-lap,Technology & Accessories,Laptops,,,,,,,
2024-01-10,824,,105324-IT,1294.3,2024,2024-01,Atlantic City,New Jersey,Miami Vue,Northeast,Michael Jarvis,Lenovo IdeaPad Flex 5,120,120-lap,Technology & Accessories,Laptops,,,,,,,
2024-01-09,871,,105324-IT,1294.3,2024,2024-01,Old Saybrook,Connecticut,Ellen Lemon,East,Ana Jilani,Lenovo IdeaPad Flex 5,120,120-lap,Technology & Accessories,Laptops,,,,,,,
2024-01-13,736,,105331-IT,1294.3,2024,2024-01,North Harford,Maryland,Shruti Reddy,Northeast,Michael Jarvis,Acer Chromebook Spin 713,120,120-lap,Technology & Accessories,Laptops,,,,,,,
2024-01-08,733,,105324-IT,1294.3,2024,2024-01,Baltimore,Maryland,Shruti Reddy,Northeast,Michael Jarvis,Lenovo IdeaPad Flex 5,120,120-lap,Technology & Accessories,Laptops,,,,,,,
2024-01-23,819,,105331-IT,1294.3,2024,2024-01,Bar Harbor,Maine,Erbayne Middleton,Northeast,Michael Jarvis,Acer Chromebook Spin 713,120,120-lap,Technology & Accessories,Laptops,,,,,,,
2024-01-07,736,,105331-IT,1294.3,2024,2024-01,North Harford,Maryland,Shruti Reddy,Northeast,Michael Jarvis,Acer Chromebook Spin 713,120,120-lap,Technology & Accessories,Laptops,,,,,,,
2024-01-19,853,202.0,105324-IT,1294.3,2024,2024-01,Greenville,South Carolina,Len Jensen,South,Andy Gisselquist,Lenovo IdeaPad Flex 5,120,120-lap,Technology & Accessories,Laptops,202.0,2023-10-07,14:35:40,Scooter,scooter@muppetstudios.com,212-555-1307,N
2024-01-08,737,,105324-IT,1294.3,2024,2024-01,Parkville,Maryland,Shruti Reddy,Northeast,Michael Jarvis,Lenovo IdeaPad Flex 5,120,120-lap,Technology & Accessories,Laptops,,,,,,,
2024-01-31,823,,105324-IT,1294.3,2024,2024-01,South Portland,Maine,Erbayne Middleton,Northeast,Michael Jarvis,Lenovo IdeaPad Flex 5,120,120-lap,Technology & Accessories,Laptops,,,,,,,
2024-01-20,828,,105324-IT,1294.3,2024,2024-01,East Orange,New Jersey,Miami Vue,Northeast,Michael Jarvis,Lenovo IdeaPad Flex 5,120,120-lap,Technology & Accessories,Laptops,,,,,,,
2024-01-29,736,,105331-IT,1294.3,2024,2024-01,North Harford,Maryland,Shruti Reddy,Northeast,Michael Jarvis,Acer Chromebook Spin 713,120,120-lap,Technology & Accessories,Laptops,,,,,,,
2024-01-03,710,148.0,105324-IT,1294.3,2024,2024-01,Lafayette,Colorado,Jim Heck,West,Cassie Chambers,Lenovo IdeaPad Flex 5,120,120-lap,Technology & Accessories,Laptops,148.0,2023-04-04,15:45:40,Potsie W.,potsie@arnoldsdrivein.diner,414-555-9803,N
2024-01-20,736,,105331-IT,1294.3,2024,2024-01,North Harford,Maryland,Shruti Reddy,Northeast,Michael Jarvis,Acer Chromebook Spin 713,120,120-lap,Technology & Accessories,Laptops,,,,,,,
2024-01-10,736,380.0,105324-IT,1294.3,2024,2024-01,North Harford,Maryland,Shruti Reddy,Northeast,Michael Jarvis,Lenovo IdeaPad Flex 5,120,120-lap,Technology & Accessories,Laptops,380.0,2023-02-05,09:40:35,Abbey Bartlet,abbey@westwing.gov,202-555-1809,N
2024-01-03,730,,105331-IT,1294.3,2024,2024-01,Boston,Massachusetts,Bo Heap,Northeast,Michael Jarvis,Acer Chromebook Spin 713,120,120-lap,Technology & Accessories,Laptops,,,,,,,
2024-01-03,703,,105324-IT,1294.3,2024,2024-01,Boulder,Colorado,Jim Heck,West,Cassie Chambers,Lenovo IdeaPad Flex 5,120,120-lap,Technology & Accessories,Laptops,,,,,,,
2024-01-08,712,,105331-IT,1294.3,2024,2024-01,Loveland,Colorado,Jim Heck,West,Cassie Chambers,Acer Chromebook Spin 713,120,120-lap,Technology & Accessories,Laptops,,,,,,,
2024-01-15,851,,105331-IT,1294.3,2024,2024-01,Queens,New York,See Ellefson,East,Ana Jilani,Acer Chromebook Spin 713,120,120-lap,Technology & Accessories,Laptops,,,,,,,
2024-01-24,710,,105331-IT,1294.3,2024,2024-01,Lafayette,Colorado,Jim Heck,West,Cassie Chambers,Acer Chromebook Spin 713,120,120-lap,Technology & Accessories,Laptops,,,,,,,
2024-01-15,710,,105324-IT,1294.3,2024,2024-01,Lafayette,Colorado,Jim Heck,West,Cassie Chambers,Lenovo IdeaPad Flex 5,120,120-lap,Technology & Accessories,Laptops,,,,,,,
2024-01-25,716,,105324-IT,1294.3,2024,2024-01,Sedalia,Colorado,Jim Heck,West,Cassie Chambers,Lenovo IdeaPad Flex 5,120,120-lap,Technology & Accessories,Laptops,,,,,,,
2024-01-25,820,,105331-IT,1294.3,2024,2024-01,Kennebunkport,Maine,Erbayne Middleton,Northeast,Michael Jarvis,Acer Chromebook Spin 713,120,120-lap,Technology & Accessories,Laptops,,,,,,,
2024-01-26,909,,105331-IT,1294.3,2024,2024-01,Desoto,Texas,"Jeff ""Howdy"" Richards",South,Andy Gisselquist,Acer Chromebook Spin 713,120,120-lap,Technology & Accessories,Laptops,,,,,,,
2024-01-18,709,,105324-IT,1294.3,2024,2024-01,Greeley,Colorado,Jim Heck,West,Cassie Chambers,Lenovo IdeaPad Flex 5,120,120-lap,Technology & Accessories,Laptops,,,,,,,
2024-01-21,736,,105324-IT,1294.3,2024,2024-01,North Harford,Maryland,Shruti Reddy,Northeast,Michael Jarvis,Lenovo IdeaPad Flex 5,120,120-lap,Technology & Accessories,Laptops,,,,,,,
2024-01-30,829,,105331-IT,1294.3,2024,2024-01,Hackensack,New Jersey,Miami Vue,Northeast,Michael Jarvis,Acer Chromebook Spin 713,120,120-lap,Technology & Accessories,Laptops,,,,,,,
2024-01-24,903,,105333-IT,1292.0,2024,2024-01,Bacliff,Texas,"Jeff ""Howdy"" Richards",South,Andy Gisselquist,ASUS VivoBook S15,120,120-lap,Technology & Accessories,Laptops,,,,,,,
2024-01-29,734,,105333-IT,1292.0,2024,2024-01,Germantown,Maryland,Shruti Reddy,Northeast,Michael Jarvis,ASUS VivoBook S15,120,120-lap,Technology & Accessories,Laptops,,,,,,,
2024-01-21,806,,105333-IT,1292.0,2024,2024-01,Holyoke,Massachusetts,Bo Heap,Northeast,Michael Jarvis,ASUS VivoBook S15,120,120-lap,Technology & Accessories,Laptops,,,,,,,
2024-01-05,847,,105333-IT,1292.0,2024,2024-01,Rochester,New York,See Ellefson,East,Ana Jilani,ASUS VivoBook S15,120,120-lap,Technology & Accessories,Laptops,,,,,,,
2024-01-10,804,,105333-IT,1292.0,2024,2024-01,Haverhill,Massachusetts,Bo Heap,Northeast,Michael Jarvis,ASUS VivoBook S15,120,120-lap,Technology & Accessories,Laptops,,,,,,,
2024-01-26,817,,105333-IT,1292.0,2024,2024-01,Worcester,Massachusetts,Bo Heap,Northeast,Michael Jarvis,ASUS VivoBook S15,120,120-lap,Technology & Accessories,Laptops,,,,,,,
2024-01-06,839,,105333-IT,1292.0,2024,2024-01,Vineland,New Jersey,Miami Vue,Northeast,Michael Jarvis,ASUS VivoBook S15,120,120-lap,Technology & Accessories,Laptops,,,,,,,
2024-01-15,721,,105333-IT,1292.0,2024,2024-01,Jacksonville,Florida,Lana Ilana,South,Andy Gisselquist,ASUS VivoBook S15,120,120-lap,Technology & Accessories,Laptops,,,,,,,
2024-01-05,808,,105333-IT,1292.0,2024,2024-01,Lowell,Massachusetts,Bo Heap,Northeast,Michael Jarvis,ASUS VivoBook S15,120,120-lap,Technology & Accessories,Laptops,,,,,,,
2024-01-05,736,,105333-IT,1292.0,2024,2024-01,North Harford,Maryland,Shruti Reddy,Northeast,Michael Jarvis,ASUS VivoBook S15,120,120-lap,Technology & Accessories,Laptops,,,,,,,
2024-01-13,850,,105333-IT,1292.0,2024,2024-01,New York,New York,See Ellefson,East,Ana Jilani,ASUS VivoBook S15,120,120-lap,Technology & Accessories,Laptops,,,,,,,
2024-01-15,729,,105333-IT,1292.0,2024,2024-01,Tampa,Florida,Lana Ilana,South,Andy Gisselquist,ASUS VivoBook S15,120,120-lap,Technology & Accessories,Laptops,,,,,,,
2024-01-19,830,,105333-IT,1292.0,2024,2024-01,Hoboken,New Jersey,Miami Vue,Northeast,Michael Jarvis,ASUS VivoBook S15,120,120-lap,Technology & Accessories,Laptops,,,,,,,
2024-01-07,813,,105333-IT,1292.0,2024,2024-01,Pittsfield,Massachusetts,Bo Heap,Northeast,Michael Jarvis,ASUS VivoBook S15,120,120-lap,Technology & Accessories,Laptops,,,,,,,
2024-01-04,736,,105340-IT,1291.71,2024,2024-01,North Harford,Maryland,Shruti Reddy,Northeast,Michael Jarvis,Chromebook Pixelbook Go,120,120-lap,Technology & Accessories,Laptops,,,,,,,
2024-01-18,721,,105340-IT,1291.71,2024,2024-01,Jacksonville,Florida,Lana Ilana,South,Andy Gisselquist,Chromebook Pixelbook Go,120,120-lap,Technology & Accessories,Laptops,,,,,,,
2024-01-16,865,,105340-IT,1291.71,2024,2024-01,Bridgeport,Connecticut,Ellen Lemon,East,Ana Jilani,Chromebook Pixelbook Go,120,120-lap,Technology & Accessories,Laptops,,,,,,,
2024-01-25,815,,105340-IT,1291.71,2024,2024-01,Quincy,Massachusetts,Bo Heap,Northeast,Michael Jarvis,Chromebook Pixelbook Go,120,120-lap,Technology & Accessories,Laptops,,,,,,,
2024-01-28,722,,105340-IT,1291.71,2024,2024-01,Key West,Florida,Lana Ilana,South,Andy Gisselquist,Chromebook Pixelbook Go,120,120-lap,Technology & Accessories,Laptops,,,,,,,
2024-01-04,705,,105340-IT,1291.71,2024,2024-01,Denver,Colorado,Jim Heck,West,Cassie Chambers,Chromebook Pixelbook Go,120,120-lap,Technology & Accessories,Laptops,,,,,,,
2024-01-22,736,,105340-IT,1291.71,2024,2024-01,North Harford,Maryland,Shruti Reddy,Northeast,Michael Jarvis,Chromebook Pixelbook Go,120,120-lap,Technology & Accessories,Laptops,,,,,,,
2024-01-22,728,87.0,105340-IT,1291.71,2024,2024-01,Tallahassee,Florida,Lana Ilana,South,Andy Gisselquist,Chromebook Pixelbook Go,120,120-lap,Technology & Accessories,Laptops,87.0,2023-04-18,14:05:35,Grace Adler,grace@willandgrace.nyc,212-555-9202,N
2024-01-19,739,286.0,105340-IT,1291.71,2024,2024-01,Ridgely,Maryland,Shruti Reddy,Northeast,Michael Jarvis,Chromebook Pixelbook Go,120,120-lap,Technology & Accessories,Laptops,286.0,2023-01-01,08:00:00,Jean-Luc Picard,picard@enterprise.starfleet,1701-555-2201,N
2024-01-09,736,,105340-IT,1291.71,2024,2024-01,North Harford,Maryland,Shruti Reddy,Northeast,Michael Jarvis,Chromebook Pixelbook Go,120,120-lap,Technology & Accessories,Laptops,,,,,,,
2024-01-04,813,,105340-IT,1291.71,2024,2024-01,Pittsfield,Massachusetts,Bo Heap,Northeast,Michael Jarvis,Chromebook Pixelbook Go,120,120-lap,Technology & Accessories,Laptops,,,,,,,
2024-01-27,710,,105340-IT,1291.71,2024,2024-01,Lafayette,Colorado,Jim Heck,West,Cassie Chambers,Chromebook Pixelbook Go,120,120-lap,Technology & Accessories,Laptops,,,,,,,
2024-01-05,817,,105340-IT,1291.71,2024,2024-01,Worcester,Massachusetts,Bo Heap,Northeast,Michael Jarvis,Chromebook Pixelbook Go,120,120-lap,Technology & Accessories,Laptops,,,,,,,
2024-01-07,910,128.0,105340-IT,1291.71,2024,2024-01,Fort Worth,Texas,"Jeff ""Howdy"" Richards",South,Andy Gisselquist,Chromebook Pixelbook Go,120,120-lap,Technology & Accessories,Laptops,128.0,2023-04-21,16:20:50,Sonny Corinthos,sonny@generalhospital.med,716-555-9603,N
2024-01-03,710,,105340-IT,1291.71,2024,2024-01,Lafayette,Colorado,Jim Heck,West,Cassie Chambers,Chromebook Pixelbook Go,120,120-lap,Technology & Accessories,Laptops,,,,,,,
2024-01-18,847,,105340-IT,1291.71,2024,2024-01,Rochester,New York,See Ellefson,East,Ana Jilani,Chromebook Pixelbook Go,120,120-lap,Technology & Accessories,Laptops,,,,,,,
2024-01-15,908,,105334-IT,1275.44,2024,2024-01,Denton,Texas,"Jeff ""Howdy"" Richards",South,Andy Gisselquist,Samsung Galaxy Book Pro,120,120-lap,Technology & Accessories,Laptops,,,,,,,
2024-01-18,816,,105334-IT,1275.44,2024,2024-01,Somerville,Massachusetts,Bo Heap,Northeast,Michael Jarvis,Samsung Galaxy Book Pro,120,120-lap,Technology & Accessories,Laptops,,,,,,,
2024-01-31,736,55.0,105334-IT,1275.44,2024,2024-01,North Harford,Maryland,Shruti Reddy,Northeast,Michael Jarvis,Samsung Galaxy Book Pro,120,120-lap,Technology & Accessories,Laptops,55.0,2024-02-28,08:55:20,Will B.,will@hawkins.ind,219-555-6005,N
2024-01-05,816,,105334-IT,1275.44,2024,2024-01,Somerville,Massachusetts,Bo Heap,Northeast,Michael Jarvis,Samsung Galaxy Book Pro,120,120-lap,Technology & Accessories,Laptops,,,,,,,
2024-01-28,710,,105334-IT,1275.44,2024,2024-01,Lafayette,Colorado,Jim Heck,West,Cassie Chambers,Samsung Galaxy Book Pro,120,120-lap,Technology & Accessories,Laptops,,,,,,,
2024-01-23,825,96.0,105334-IT,1275.44,2024,2024-01,Bayonne,New Jersey,Miami Vue,Northeast,Michael Jarvis,Samsung Galaxy Book Pro,120,120-lap,Technology & Accessories,Laptops,96.0,2023-01-12,08:15:10,Daria M.,daria@lawndale.high,973-555-9301,N
2024-01-15,736,,105334-IT,1275.44,2024,2024-01,North Harford,Maryland,Shruti Reddy,Northeast,Michael Jarvis,Samsung Galaxy Book Pro,120,120-lap,Technology & Accessories,Laptops,,,,,,,
2024-01-23,813,,105334-IT,1275.44,2024,2024-01,Pittsfield,Massachusetts,Bo Heap,Northeast,Michael Jarvis,Samsung Galaxy Book Pro,120,120-lap,Technology & Accessories,Laptops,,,,,,,
2024-01-15,821,,105334-IT,1275.44,2024,2024-01,Lewiston,Maine,Erbayne Middleton,Northeast,Michael Jarvis,Samsung Galaxy Book Pro,120,120-lap,Technology & Accessories,Laptops,,,,,,,
2024-01-14,726,,105334-IT,1275.44,2024,2024-01,Orlando,Florida,Lana Ilana,South,Andy Gisselquist,Samsung Galaxy Book Pro,120,120-lap,Technology & Accessories,Laptops,,,,,,,
2024-01-08,724,,105334-IT,1275.44,2024,2024-01,Miami,Florida,Lana Ilana,South,Andy Gisselquist,Samsung Galaxy Book Pro,120,120-lap,Technology & Accessories,Laptops,,,,,,,
2024-01-10,736,,105334-IT,1275.44,2024,2024-01,North Harford,Maryland,Shruti Reddy,Northeast,Michael Jarvis,Samsung Galaxy Book Pro,120,120-lap,Technology & Accessories,Laptops,,,,,,,
2024-01-09,865,,105334-IT,1275.44,2024,2024-01,Bridgeport,Connecticut,Ellen Lemon,East,Ana Jilani,Samsung Galaxy Book Pro,120,120-lap,Technology & Accessories,Laptops,,,,,,,
2024-01-06,706,,105334-IT,1275.44,2024,2024-01,Englewood,Colorado,Jim Heck,West,Cassie Chambers,Samsung Galaxy Book Pro,120,120-lap,Technology & Accessories,Laptops,,,,,,,
2024-01-25,866,,105334-IT,1275.44,2024,2024-01,Darien,Connecticut,Ellen Lemon,East,Ana Jilani,Samsung Galaxy Book Pro,120,120-lap,Technology & Accessories,Laptops,,,,,,,
2024-01-30,720,,105334-IT,1275.44,2024,2024-01,Fort Lauderdale,Florida,Lana Ilana,South,Andy Gisselquist,Samsung Galaxy Book Pro,120,120-lap,Technology & Accessories,Laptops,,,,,,,
2024-01-17,736,,105334-IT,1275.44,2024,2024-01,North Harford,Maryland,Shruti Reddy,Northeast,Michael Jarvis,Samsung Galaxy Book Pro,120,120-lap,Technology & Accessories,Laptops,,,,,,,
2024-01-18,736,,105334-IT,1275.44,2024,2024-01,North Harford,Maryland,Shruti Reddy,Northeast,Michael Jarvis,Samsung Galaxy Book Pro,120,120-lap,Technology & Accessories,Laptops,,,,,,,
2024-01-13,721,,105334-IT,1275.44,2024,2024-01,Jacksonville,Florida,Lana Ilana,South,Andy Gisselquist,Samsung Galaxy Book Pro,120,120-lap,Technology & Accessories,Laptops,,,,,,,
2024-01-28,736,,105334-IT,1275.44,2024,2024-01,North Harford,Maryland,Shruti Reddy,Northeast,Michael Jarvis,Samsung Galaxy Book Pro,120,120-lap,Technology & Accessories,Laptops,,,,,,,
2024-01-05,702,,105334-IT,1275.44,2024,2024-01,Berthoud,Colorado,Jim Heck,West,Cassie Chambers,Samsung Galaxy Book Pro,120,120-lap,Technology & Accessories,Laptops,,,,,,,
2024-01-20,836,,105334-IT,1275.44,2024,2024-01,Passaic,New Jersey,Miami Vue,Northeast,Michael Jarvis,Samsung Galaxy Book Pro,120,120-lap,Technology & Accessories,Laptops,,,,,,,
2024-01-23,736,,105343-IT,1257.12,2024,2024-01,North Harford,Maryland,Shruti Reddy,Northeast,Michael Jarvis,Microsoft Surface Laptop 5,120,120-lap,Technology & Accessories,Laptops,,,,,,,
2024-01-20,836,,105343-IT,1257.12,2024,2024-01,Passaic,New Jersey,Miami Vue,Northeast,Michael Jarvis,Microsoft Surface Laptop 5,120,120-lap,Technology & Accessories,Laptops,,,,,,,
2024-01-18,823,,105335-IT,1257.12,2024,2024-01,South Portland,Maine,Erbayne Middleton,Northeast,Michael Jarvis,Lenovo Yoga 7i,120,120-lap,Technology & Accessories,Laptops,,,,,,,
2024-01-15,736,,105327-IT,1257.12,2024,2024-01,North Harford,Maryland,Shruti Reddy,Northeast,Michael Jarvis,Lenovo ThinkPad X1 Carbon,120,120-lap,Technology & Accessories,Laptops,,,,,,,
2024-01-27,840,,105327-IT,1257.12,2024,2024-01,Albany,New York,See Ellefson,East,Ana Jilani,Lenovo ThinkPad X1 Carbon,120,120-lap,Technology & Accessories,Laptops,,,,,,,
2024-01-08,733,,105343-IT,1257.12,2024,2024-01,Baltimore,Maryland,Shruti Reddy,Northeast,Michael Jarvis,Microsoft Surface Laptop 5,120,120-lap,Technology & Accessories,Laptops,,,,,,,
2024-01-07,905,436.0,105343-IT,1257.12,2024,2024-01,Beaumont,Texas,"Jeff ""Howdy"" Richards",South,Andy Gisselquist,Microsoft Surface Laptop 5,120,120-lap,Technology & Accessories,Laptops,436.0,2023-10-27,06:10:00,Newman,newman@vandelayindustries.com,212-555-2405,N
2024-01-29,733,,105327-IT,1257.12,2024,2024-01,Baltimore,Maryland,Shruti Reddy,Northeast,Michael Jarvis,Lenovo ThinkPad X1 Carbon,120,120-lap,Technology & Accessories,Laptops,,,,,,,
2024-01-13,736,,105335-IT,1257.12,2024,2024-01,North Harford,Maryland,Shruti Reddy,Northeast,Michael Jarvis,Lenovo Yoga 7i,120,120-lap,Technology & Accessories,Laptops,,,,,,,
2024-01-14,851,,105343-IT,1257.12,2024,2024-01,Queens,New York,See Ellefson,East,Ana Jilani,Microsoft Surface Laptop 5,120,120-lap,Technology & Accessories,Laptops,,,,,,,
2024-01-08,706,,105327-IT,1257.12,2024,2024-01,Englewood,Colorado,Jim Heck,West,Cassie Chambers,Lenovo ThinkPad X1 Carbon,120,120-lap,Technology & Accessories,Laptops,,,,,,,
2024-01-16,902,,105327-IT,1257.12,2024,2024-01,Austin,Texas,"Jeff ""Howdy"" Richards",South,Andy Gisselquist,Lenovo ThinkPad X1 Carbon,120,120-lap,Technology & Accessories,Laptops,,,,,,,
2024-01-09,872,,105335-IT,1257.12,2024,2024-01,Waterbury,Connecticut,Ellen Lemon,East,Ana Jilani,Lenovo Yoga 7i,120,120-lap,Technology & Accessories,Laptops,,,,,,,
2024-01-12,845,,105343-IT,1257.12,2024,2024-01,Plattsburgh,New York,See Ellefson,East,Ana Jilani,Microsoft Surface Laptop 5,120,120-lap,Technology & Accessories,Laptops,,,,,,,
2024-01-19,716,,105335-IT,1257.12,2024,2024-01,Sedalia,Colorado,Jim Heck,West,Cassie Chambers,Lenovo Yoga 7i,120,120-lap,Technology & Accessories,Laptops,,,,,,,
2024-01-16,736,,105343-IT,1257.12,2024,2024-01,North Harford,Maryland,Shruti Reddy,Northeast,Michael Jarvis,Microsoft Surface Laptop 5,120,120-lap,Technology & Accessories,Laptops,,,,,,,
2024-01-11,845,,105343-IT,1257.12,2024,2024-01,Plattsburgh,New York,See Ellefson,East,Ana Jilani,Microsoft Surface Laptop 5,120,120-lap,Technology & Accessories,Laptops,,,,,,,
2024-01-14,736,,105327-IT,1257.12,2024,2024-01,North Harford,Maryland,Shruti Reddy,Northeast,Michael Jarvis,Lenovo ThinkPad X1 Carbon,120,120-lap,Technology & Accessories,Laptops,,,,,,,
2024-01-27,850,,105327-IT,1257.12,2024,2024-01,New York,New York,See Ellefson,East,Ana Jilani,Lenovo ThinkPad X1 Carbon,120,120-lap,Technology & Accessories,Laptops,,,,,,,
2024-01-02,833,,105327-IT,1257.12,2024,2024-01,Morristown,New Jersey,Miami Vue,Northeast,Michael Jarvis,Lenovo ThinkPad X1 Carbon,120,120-lap,Technology & Accessories,Laptops,,,,,,,
2024-01-11,738,,105327-IT,1257.12,2024,2024-01,Queen Anne's County,Maryland,Shruti Reddy,Northeast,Michael Jarvis,Lenovo ThinkPad X1 Carbon,120,120-lap,Technology & Accessories,Laptops,,,,,,,
2024-01-14,719,,105343-IT,1257.12,2024,2024-01,Cape Canaveral,Florida,Lana Ilana,South,Andy Gisselquist,Microsoft Surface Laptop 5,120,120-lap,Technology & Accessories,Laptops,,,,,,,
2024-01-19,705,,105335-IT,1257.12,2024,2024-01,Denver,Colorado,Jim Heck,West,Cassie Chambers,Lenovo Yoga 7i,120,120-lap,Technology & Accessories,Laptops,,,,,,,
2024-01-03,846,506.0,105343-IT,1257.12,2024,2024-01,Poestenkill,New York,See Ellefson,East,Ana Jilani,Microsoft Surface Laptop 5,120,120-lap,Technology & Accessories,Laptops,506.0,2023-11-03,06:54:30,Sandy Cheeks,sandy@bikinibottom.net,555-555-3105,N
2024-01-27,830,,105335-IT,1257.12,2024,2024-01,Hoboken,New Jersey,Miami Vue,Northeast,Michael Jarvis,Lenovo Yoga 7i,120,120-lap,Technology & Accessories,Laptops,,,,,,,
2024-01-07,732,,105343-IT,1257.12,2024,2024-01,Back River,Maryland,Shruti Reddy,Northeast,Michael Jarvis,Microsoft Surface Laptop 5,120,120-lap,Technology & Accessories,Laptops,,,,,,,
2024-01-09,724,,105335-IT,1257.12,2024,2024-01,Miami,Florida,Lana Ilana,South,Andy Gisselquist,Lenovo Yoga 7i,120,120-lap,Technology & Accessories,Laptops,,,,,,,
2024-01-27,867,,105327-IT,1257.12,2024,2024-01,Hartford,Connecticut,Ellen Lemon,East,Ana Jilani,Lenovo ThinkPad X1 Carbon,120,120-lap,Technology & Accessories,Laptops,,,,,,,
2024-01-18,838,,105327-IT,1257.12,2024,2024-01,Trenton,New Jersey,Miami Vue,Northeast,Michael Jarvis,Lenovo ThinkPad X1 Carbon,120,120-lap,Technology & Accessories,Laptops,,,,,,,
2024-01-13,909,,105327-IT,1257.12,2024,2024-01,Desoto,Texas,"Jeff ""Howdy"" Richards",South,Andy Gisselquist,Lenovo ThinkPad X1 Carbon,120,120-lap,Technology & Accessories,Laptops,,,,,,,
2024-01-15,723,,105327-IT,1257.12,2024,2024-01,Lakeland,Florida,Lana Ilana,South,Andy Gisselquist,Lenovo ThinkPad X1 Carbon,120,120-lap,Technology & Accessories,Laptops,,,,,,,
2024-01-18,736,,105335-IT,1257.12,2024,2024-01,North Harford,Maryland,Shruti Reddy,Northeast,Michael Jarvis,Lenovo Yoga 7i,120,120-lap,Technology & Accessories,Laptops,,,,,,,
2024-01-25,847,,105327-IT,1257.12,2024,2024-01,Rochester,New York,See Ellefson,East,Ana Jilani,Lenovo ThinkPad X1 Carbon,120,120-lap,Technology & Accessories,Laptops,,,,,,,
2024-01-13,810,,105343-IT,1257.12,2024,2024-01,Nantucket,Massachusetts,Bo Heap,Northeast,Michael Jarvis,Microsoft Surface Laptop 5,120,120-lap,Technology & Accessories,Laptops,,,,,,,
2024-01-17,736,89.0,105335-IT,1257.12,2024,2024-01,North Harford,Maryland,Shruti Reddy,Northeast,Michael Jarvis,Lenovo Yoga 7i,120,120-lap,Technology & Accessories,Laptops,89.0,2023-07-15,20:55:05,Karen Walker,karen@willandgrace.nyc,212-555-9204,Y
2024-01-28,721,,105327-IT,1257.12,2024,2024-01,Jacksonville,Florida,Lana Ilana,South,Andy Gisselquist,Lenovo ThinkPad X1 Carbon,120,120-lap,Technology & Accessories,Laptops,,,,,,,
2024-01-05,872,,105327-IT,1257.12,2024,2024-01,Waterbury,Connecticut,Ellen Lemon,East,Ana Jilani,Lenovo ThinkPad X1 Carbon,120,120-lap,Technology & Accessories,Laptops,,,,,,,
2024-01-29,732,,105335-IT,1257.12,2024,2024-01,Back River,Maryland,Shruti Reddy,Northeast,Michael Jarvis,Lenovo Yoga 7i,120,120-lap,Technology & Accessories,Laptops,,,,,,,
2024-01-06,817,,105335-IT,1257.12,2024,2024-01,Worcester,Massachusetts,Bo Heap,Northeast,Michael Jarvis,Lenovo Yoga 7i,120,120-lap,Technology & Accessories,Laptops,,,,,,,
2024-01-06,841,,105343-IT,1257.12,2024,2024-01,Buffalo,New York,See Ellefson,East,Ana Jilani,Microsoft Surface Laptop 5,120,120-lap,Technology & Accessories,Laptops,,,,,,,
2024-01-09,850,,105343-IT,1257.12,2024,2024-01,New York,New York,See Ellefson,East,Ana Jilani,Microsoft Surface Laptop 5,120,120-lap,Technology & Accessories,Laptops,,,,,,,
2024-01-17,728,,105335-IT,1257.12,2024,2024-01,Tallahassee,Florida,Lana Ilana,South,Andy Gisselquist,Lenovo Yoga 7i,120,120-lap,Technology & Accessories,Laptops,,,,,,,
2024-01-14,845,,105343-IT,1257.12,2024,2024-01,Plattsburgh,New York,See Ellefson,East,Ana Jilani,Microsoft Surface Laptop 5,120,120-lap,Technology & Accessories,Laptops,,,,,,,
2024-01-09,865,,105335-IT,1257.12,2024,2024-01,Bridgeport,Connecticut,Ellen Lemon,East,Ana Jilani,Lenovo Yoga 7i,120,120-lap,Technology & Accessories,Laptops,,,,,,,
2024-01-07,729,,105332-IT,1250.96,2024,2024-01,Tampa,Florida,Lana Ilana,South,Andy Gisselquist,HP Spectre x360,120,120-lap,Technology & Accessories,Laptops,,,,,,,
2024-01-19,838,,105332-IT,1250.96,2024,2024-01,Trenton,New Jersey,Miami Vue,Northeast,Michael Jarvis,HP Spectre x360,120,120-lap,Technology & Accessories,Laptops,,,,,,,
2024-01-12,706,,105332-IT,1250.96,2024,2024-01,Englewood,Colorado,Jim Heck,West,Cassie Chambers,HP Spectre x360,120,120-lap,Technology & Accessories,Laptops,,,,,,,
2024-01-02,839,,105328-IT,1250.96,2024,2024-01,Vineland,New Jersey,Miami Vue,Northeast,Michael Jarvis,HP Envy 15,120,120-lap,Technology & Accessories,Laptops,,,,,,,
2024-01-11,869,,105328-IT,1250.96,2024,2024-01,New Haven,Connecticut,Ellen Lemon,East,Ana Jilani,HP Envy 15,120,120-lap,Technology & Accessories,Laptops,,,,,,,
2024-01-23,719,,105332-IT,1250.96,2024,2024-01,Cape Canaveral,Florida,Lana Ilana,South,Andy Gisselquist,HP Spectre x360,120,120-lap,Technology & Accessories,Laptops,,,,,,,
2024-01-14,720,,105328-IT,1250.96,2024,2024-01,Fort Lauderdale,Florida,Lana Ilana,South,Andy Gisselquist,HP Envy 15,120,120-lap,Technology & Accessories,Laptops,,,,,,,
2024-01-01,716,,105328-IT,1250.96,2024,2024-01,Sedalia,Colorado,Jim Heck,West,Cassie Chambers,HP Envy 15,120,120-lap,Technology & Accessories,Laptops,,,,,,,
2024-01-15,736,,105332-IT,1250.96,2024,2024-01,North Harford,Maryland,Shruti Reddy,Northeast,Michael Jarvis,HP Spectre x360,120,120-lap,Technology & Accessories,Laptops,,,,,,,
2024-01-01,811,,105332-IT,1250.96,2024,2024-01,New Bedford,Massachusetts,Bo Heap,Northeast,Michael Jarvis,HP Spectre x360,120,120-lap,Technology & Accessories,Laptops,,,,,,,
2024-01-28,811,,105332-IT,1250.96,2024,2024-01,New Bedford,Massachusetts,Bo Heap,Northeast,Michael Jarvis,HP Spectre x360,120,120-lap,Technology & Accessories,Laptops,,,,,,,
2024-01-07,730,,105332-IT,1250.96,2024,2024-01,Boston,Massachusetts,Bo Heap,Northeast,Michael Jarvis,HP Spectre x360,120,120-lap,Technology & Accessories,Laptops,,,,,,,
2024-01-07,736,,105332-IT,1250.96,2024,2024-01,North Harford,Maryland,Shruti Reddy,Northeast,Michael Jarvis,HP Spectre x360,120,120-lap,Technology & Accessories,Laptops,,,,,,,
2024-01-25,735,,105328-IT,1250.96,2024,2024-01,Howard,Maryland,Shruti Reddy,Northeast,Michael Jarvis,HP Envy 15,120,120-lap,Technology & Accessories,Laptops,,,,,,,
2024-01-26,852,455.0,105332-IT,1250.96,2024,2024-01,Charleston,South Carolina,Len Jensen,South,Andy Gisselquist,HP Spectre x360,120,120-lap,Technology & Accessories,Laptops,455.0,2023-08-23,21:45:40,Gus Fring,gus@lospolloshermanos.biz,505-555-2604,Y
2024-01-20,839,,105328-IT,1250.96,2024,2024-01,Vineland,New Jersey,Miami Vue,Northeast,Michael Jarvis,HP Envy 15,120,120-lap,Technology & Accessories,Laptops,,,,,,,
2024-01-29,827,,105332-IT,1250.96,2024,2024-01,Clifton,New Jersey,Miami Vue,Northeast,Michael Jarvis,HP Spectre x360,120,120-lap,Technology & Accessories,Laptops,,,,,,,
2024-01-22,724,,105332-IT,1250.96,2024,2024-01,Miami,Florida,Lana Ilana,South,Andy Gisselquist,HP Spectre x360,120,120-lap,Technology & Accessories,Laptops,,,,,,,
2024-01-21,728,185.0,105332-IT,1250.96,2024,2024-01,Tallahassee,Florida,Lana Ilana,South,Andy Gisselquist,HP Spectre x360,120,120-lap,Technology & Accessories,Laptops,185.0,2024-01-29,09:15:30,Nipsey,nipsey@wzhup.det,313-555-1110,N
2024-01-21,711,,105332-IT,1250.96,2024,2024-01,Littleton,Colorado,Jim Heck,West,Cassie Chambers,HP Spectre x360,120,120-lap,Technology & Accessories,Laptops,,,,,,,
2024-01-25,848,,105328-IT,1250.96,2024,2024-01,Syracuse,New York,See Ellefson,East,Ana Jilani,HP Envy 15,120,120-lap,Technology & Accessories,Laptops,,,,,,,
2024-01-06,811,,105332-IT,1250.96,2024,2024-01,New Bedford,Massachusetts,Bo Heap,Northeast,Michael Jarvis,HP Spectre x360,120,120-lap,Technology & Accessories,Laptops,,,,,,,
2024-01-08,736,511.0,105328-IT,1250.96,2024,2024-01,North Harford,Maryland,Shruti Reddy,Northeast,Michael Jarvis,HP Envy 15,120,120-lap,Technology & Accessories,Laptops,511.0,2023-04-20,13:57:45,Pearl Krabs,pearl@bikinibottom.net,555-555-3110,N
2024-01-06,736,,105332-IT,1250.96,2024,2024-01,North Harford,Maryland,Shruti Reddy,Northeast,Michael Jarvis,HP Spectre x360,120,120-lap,Technology & Accessories,Laptops,,,,,,,
2024-01-10,736,,105332-IT,1250.96,2024,2024-01,North Harford,Maryland,Shruti Reddy,Northeast,Michael Jarvis,HP Spectre x360,120,120-lap,Technology & Accessories,Laptops,,,,,,,
2024-01-03,822,,105339-IT,1161.14,2024,2024-01,Orono,Maine,Erbayne Middleton,Northeast,Michael Jarvis,Razer Blade 14,120,120-lap,Technology & Accessories,Laptops,,,,,,,
2024-01-08,736,,105339-IT,1161.14,2024,2024-01,North Harford,Maryland,Shruti Reddy,Northeast,Michael Jarvis,Razer Blade 14,120,120-lap,Technology & Accessories,Laptops,,,,,,,
2024-01-21,736,,105339-IT,1161.14,2024,2024-01,North Harford,Maryland,Shruti Reddy,Northeast,Michael Jarvis,Razer Blade 14,120,120-lap,Technology & Accessories,Laptops,,,,,,,
2024-01-17,714,,105339-IT,1161.14,2024,2024-01,New Castle,Colorado,Jim Heck,West,Cassie Chambers,Razer Blade 14,120,120-lap,Technology & Accessories,Laptops,,,,,,,
2024-01-05,903,,105339-IT,1161.14,2024,2024-01,Bacliff,Texas,"Jeff ""Howdy"" Richards",South,Andy Gisselquist,Razer Blade 14,120,120-lap,Technology & Accessories,Laptops,,,,,,,
2024-01-06,714,,105339-IT,1161.14,2024,2024-01,New Castle,Colorado,Jim Heck,West,Cassie Chambers,Razer Blade 14,120,120-lap,Technology & Accessories,Laptops,,,,,,,
2024-01-16,829,74.0,105339-IT,1161.14,2024,2024-01,Hackensack,New Jersey,Miami Vue,Northeast,Michael Jarvis,Razer Blade 14,120,120-lap,Technology & Accessories,Laptops,74.0,2024-03-02,08:40:10,Ben Chang,chang@greendale.edu,303-555-9009,N
2024-01-13,703,,105339-IT,1161.14,2024,2024-01,Boulder,Colorado,Jim Heck,West,Cassie Chambers,Razer Blade 14,120,120-lap,Technology & Accessories,Laptops,,,,,,,
2024-01-28,835,,105339-IT,1161.14,2024,2024-01,Newark,New Jersey,Miami Vue,Northeast,Michael Jarvis,Razer Blade 14,120,120-lap,Technology & Accessories,Laptops,,,,,,,
2024-01-18,703,,105339-IT,1161.14,2024,2024-01,Boulder,Colorado,Jim Heck,West,Cassie Chambers,Razer Blade 14,120,120-lap,Technology & Accessories,Laptops,,,,,,,
2024-01-30,731,,105339-IT,1161.14,2024,2024-01,Annapolis,Maryland,Shruti Reddy,Northeast,Michael Jarvis,Razer Blade 14,120,120-lap,Technology & Accessories,Laptops,,,,,,,
2024-01-11,819,,105339-IT,1161.14,2024,2024-01,Bar Harbor,Maine,Erbayne Middleton,Northeast,Michael Jarvis,Razer Blade 14,120,120-lap,Technology & Accessories,Laptops,,,,,,,
2024-01-15,848,,105339-IT,1161.14,2024,2024-01,Syracuse,New York,See Ellefson,East,Ana Jilani,Razer Blade 14,120,120-lap,Technology & Accessories,Laptops,,,,,,,
2024-01-31,827,,105339-IT,1161.14,2024,2024-01,Clifton,New Jersey,Miami Vue,Northeast,Michael Jarvis,Razer Blade 14,120,120-lap,Technology & Accessories,Laptops,,,,,,,
2024-01-27,910,,105339-IT,1161.14,2024,2024-01,Fort Worth,Texas,"Jeff ""Howdy"" Richards",South,Andy Gisselquist,Razer Blade 14,120,120-lap,Technology & Accessories,Laptops,,,,,,,
2024-01-24,736,,105339-IT,1161.14,2024,2024-01,North Harford,Maryland,Shruti Reddy,Northeast,Michael Jarvis,Razer Blade 14,120,120-lap,Technology & Accessories,Laptops,,,,,,,
2024-01-07,823,508.0,105339-IT,1161.14,2024,2024-01,South Portland,Maine,Erbayne Middleton,Northeast,Michael Jarvis,Razer Blade 14,120,120-lap,Technology & Accessories,Laptops,508.0,2024-04-02,15:44:00,Gary,meow@bikinibottom.net,555-555-3107,N
2024-01-11,716,,105329-IT,1061.14,2024,2024-01,Sedalia,Colorado,Jim Heck,West,Cassie Chambers,Acer Aspire 5,120,120-lap,Technology & Accessories,Laptops,,,,,,,
2024-01-17,806,,105329-IT,1061.14,2024,2024-01,Holyoke,Massachusetts,Bo Heap,Northeast,Michael Jarvis,Acer Aspire 5,120,120-lap,Technology & Accessories,Laptops,,,,,,,
2024-01-13,838,,105329-IT,1061.14,2024,2024-01,Trenton,New Jersey,Miami Vue,Northeast,Michael Jarvis,Acer Aspire 5,120,120-lap,Technology & Accessories,Laptops,,,,,,,
2024-01-05,836,,105329-IT,1061.14,2024,2024-01,Passaic,New Jersey,Miami Vue,Northeast,Michael Jarvis,Acer Aspire 5,120,120-lap,Technology & Accessories,Laptops,,,,,,,
2024-01-06,911,,105329-IT,1061.14,2024,2024-01,Georgetown,Texas,"Jeff ""Howdy"" Richards",South,Andy Gisselquist,Acer Aspire 5,120,120-lap,Technology & Accessories,Laptops,,,,,,,
2024-01-05,817,,105329-IT,1061.14,2024,2024-01,Worcester,Massachusetts,Bo Heap,Northeast,Michael Jarvis,Acer Aspire 5,120,120-lap,Technology & Accessories,Laptops,,,,,,,
2024-01-14,853,,105329-IT,1061.14,2024,2024-01,Greenville,South Carolina,Len Jensen,South,Andy Gisselquist,Acer Aspire 5,120,120-lap,Technology & Accessories,Laptops,,,,,,,
2024-01-30,852,,105329-IT,1061.14,2024,2024-01,Charleston,South Carolina,Len Jensen,South,Andy Gisselquist,Acer Aspire 5,120,120-lap,Technology & Accessories,Laptops,,,,,,,
2024-01-22,714,,105329-IT,1061.14,2024,2024-01,New Castle,Colorado,Jim Heck,West,Cassie Chambers,Acer Aspire 5,120,120-lap,Technology & Accessories,Laptops,,,,,,,
2024-01-01,910,,105329-IT,1061.14,2024,2024-01,Fort Worth,Texas,"Jeff ""Howdy"" Richards",South,Andy Gisselquist,Acer Aspire 5,120,120-lap,Technology & Accessories,Laptops,,,,,,,
2024-01-16,736,,105329-IT,1061.14,2024,2024-01,North Harford,Maryland,Shruti Reddy,Northeast,Michael Jarvis,Acer Aspire 5,120,120-lap,Technology & Accessories,Laptops,,,,,,,
2024-01-11,844,,105329-IT,1061.14,2024,2024-01,Oswego,New York,See Ellefson,East,Ana Jilani,Acer Aspire 5,120,120-lap,Technology & Accessories,Laptops,,,,,,,
2024-01-10,736,,105342-IT,961.14,2024,2024-01,North Harford,Maryland,Shruti Reddy,Northeast,Michael Jarvis,Asus ZenBook 14,120,120-lap,Technology & Accessories,Laptops,,,,,,,
2024-01-28,806,,105342-IT,961.14,2024,2024-01,Holyoke,Massachusetts,Bo Heap,Northeast,Michael Jarvis,Asus ZenBook 14,120,120-lap,Technology & Accessories,Laptops,,,,,,,
2024-01-25,848,323.0,105342-IT,961.14,2024,2024-01,Syracuse,New York,See Ellefson,East,Ana Jilani,Asus ZenBook 14,120,120-lap,Technology & Accessories,Laptops,323.0,2023-07-05,13:50:10,Dana Scully,scully@fbi.gov,202-555-1302,N
2024-01-11,728,,105342-IT,961.14,2024,2024-01,Tallahassee,Florida,Lana Ilana,South,Andy Gisselquist,Asus ZenBook 14,120,120-lap,Technology & Accessories,Laptops,,,,,,,
2024-01-30,869,,105342-IT,961.14,2024,2024-01,New Haven,Connecticut,Ellen Lemon,East,Ana Jilani,Asus ZenBook 14,120,120-lap,Technology & Accessories,Laptops,,,,,,,
2024-01-24,731,,105342-IT,961.14,2024,2024-01,Annapolis,Maryland,Shruti Reddy,Northeast,Michael Jarvis,Asus ZenBook 14,120,120-lap,Technology & Accessories,Laptops,,,,,,,
2024-01-22,841,,105342-IT,961.14,2024,2024-01,Buffalo,New York,See Ellefson,East,Ana Jilani,Asus ZenBook 14,120,120-lap,Technology & Accessories,Laptops,,,,,,,
2024-01-15,804,,105248-IT,883.48,2024,2024-01,Haverhill,Massachusetts,Bo Heap,Northeast,Michael Jarvis,TCL NXTPAPER 10s,120,120-tab,Technology & Accessories,Tablets,,,,,,,
2024-01-23,735,,105248-IT,883.48,2024,2024-01,Howard,Maryland,Shruti Reddy,Northeast,Michael Jarvis,TCL NXTPAPER 10s,120,120-tab,Technology & Accessories,Tablets,,,,,,,
2024-01-24,870,,105248-IT,883.48,2024,2024-01,New London,Connecticut,Ellen Lemon,East,Ana Jilani,TCL NXTPAPER 10s,120,120-tab,Technology & Accessories,Tablets,,,,,,,
2024-01-15,736,383.0,105248-IT,883.48,2024,2024-01,North Harford,Maryland,Shruti Reddy,Northeast,Michael Jarvis,TCL NXTPAPER 10s,120,120-tab,Technology & Accessories,Tablets,383.0,2023-03-28,11:50:55,Jack Donaghy,jack@tgs.nbc,212-555-1902,N
2024-01-02,829,,105248-IT,883.48,2024,2024-01,Hackensack,New Jersey,Miami Vue,Northeast,Michael Jarvis,TCL NXTPAPER 10s,120,120-tab,Technology & Accessories,Tablets,,,,,,,
2024-01-22,905,,105248-IT,883.48,2024,2024-01,Beaumont,Texas,"Jeff ""Howdy"" Richards",South,Andy Gisselquist,TCL NXTPAPER 10s,120,120-tab,Technology & Accessories,Tablets,,,,,,,
2024-01-22,869,,105248-IT,883.48,2024,2024-01,New Haven,Connecticut,Ellen Lemon,East,Ana Jilani,TCL NXTPAPER 10s,120,120-tab,Technology & Accessories,Tablets,,,,,,,
2024-01-06,867,,105248-IT,883.48,2024,2024-01,Hartford,Connecticut,Ellen Lemon,East,Ana Jilani,TCL NXTPAPER 10s,120,120-tab,Technology & Accessories,Tablets,,,,,,,
2024-01-25,736,,105248-IT,883.48,2024,2024-01,North Harford,Maryland,Shruti Reddy,Northeast,Michael Jarvis,TCL NXTPAPER 10s,120,120-tab,Technology & Accessories,Tablets,,,,,,,
2024-01-07,716,344.0,105248-IT,883.48,2024,2024-01,Sedalia,Colorado,Jim Heck,West,Cassie Chambers,TCL NXTPAPER 10s,120,120-tab,Technology & Accessories,Tablets,344.0,2023-08-10,17:15:10,Nate Jacobs,nate@easthighland.high,626-555-1503,N
2024-01-12,708,,105248-IT,883.48,2024,2024-01,Grand Junction,Colorado,Jim Heck,West,Cassie Chambers,TCL NXTPAPER 10s,120,120-tab,Technology & Accessories,Tablets,,,,,,,
2024-01-02,847,,105248-IT,883.48,2024,2024-01,Rochester,New York,See Ellefson,East,Ana Jilani,TCL NXTPAPER 10s,120,120-tab,Technology & Accessories,Tablets,,,,,,,
2024-01-26,715,,105248-IT,883.48,2024,2024-01,Parker,Colorado,Jim Heck,West,Cassie Chambers,TCL NXTPAPER 10s,120,120-tab,Technology & Accessories,Tablets,,,,,,,
2024-01-25,851,10.0,105248-IT,883.48,2024,2024-01,Queens,New York,See Ellefson,East,Ana Jilani,TCL NXTPAPER 10s,120,120-tab,Technology & Accessories,Tablets,10.0,2023-08-25,17:25:10,Emily,emily@centralperk.coffee,212-555-1010,N
2024-01-20,872,,105248-IT,883.48,2024,2024-01,Waterbury,Connecticut,Ellen Lemon,East,Ana Jilani,TCL NXTPAPER 10s,120,120-tab,Technology & Accessories,Tablets,,,,,,,
2024-01-26,736,,105248-IT,883.48,2024,2024-01,North Harford,Maryland,Shruti Reddy,Northeast,Michael Jarvis,TCL NXTPAPER 10s,120,120-tab,Technology & Accessories,Tablets,,,,,,,
2024-01-16,736,,105248-IT,883.48,2024,2024-01,North Harford,Maryland,Shruti Reddy,Northeast,Michael Jarvis,TCL NXTPAPER 10s,120,120-tab,Technology & Accessories,Tablets,,,,,,,
2024-01-21,705,,105249-IT,852.94,2024,2024-01,Denver,Colorado,Jim Heck,West,Cassie Chambers,Dell Latitude 7320 Detachable,120,120-tab,Technology & Accessories,Tablets,,,,,,,
2024-01-28,811,,105249-IT,852.94,2024,2024-01,New Bedford,Massachusetts,Bo Heap,Northeast,Michael Jarvis,Dell Latitude 7320 Detachable,120,120-tab,Technology & Accessories,Tablets,,,,,,,
2024-01-19,816,,105249-IT,852.94,2024,2024-01,Somerville,Massachusetts,Bo Heap,Northeast,Michael Jarvis,Dell Latitude 7320 Detachable,120,120-tab,Technology & Accessories,Tablets,,,,,,,
2024-01-22,850,,105249-IT,852.94,2024,2024-01,New York,New York,See Ellefson,East,Ana Jilani,Dell Latitude 7320 Detachable,120,120-tab,Technology & Accessories,Tablets,,,,,,,
2024-01-15,823,,105249-IT,852.94,2024,2024-01,South Portland,Maine,Erbayne Middleton,Northeast,Michael Jarvis,Dell Latitude 7320 Detachable,120,120-tab,Technology & Accessories,Tablets,,,,,,,
2024-01-28,702,409.0,105249-IT,852.94,2024,2024-01,Berthoud,Colorado,Jim Heck,West,Cassie Chambers,Dell Latitude 7320 Detachable,120,120-tab,Technology & Accessories,Tablets,409.0,2024-06-15,20:10:20,Gerri Kellman,gerri@waystarroyco.com,212-555-2108,N
2024-01-07,872,,105249-IT,852.94,2024,2024-01,Waterbury,Connecticut,Ellen Lemon,East,Ana Jilani,Dell Latitude 7320 Detachable,120,120-tab,Technology & Accessories,Tablets,,,,,,,
2024-01-18,826,,105249-IT,852.94,2024,2024-01,Cape May,New Jersey,Miami Vue,Northeast,Michael Jarvis,Dell Latitude 7320 Detachable,120,120-tab,Technology & Accessories,Tablets,,,,,,,
2024-01-17,736,,105249-IT,852.94,2024,2024-01,North Harford,Maryland,Shruti Reddy,Northeast,Michael Jarvis,Dell Latitude 7320 Detachable,120,120-tab,Technology & Accessories,Tablets,,,,,,,
2024-01-21,828,,105249-IT,852.94,2024,2024-01,East Orange,New Jersey,Miami Vue,Northeast,Michael Jarvis,Dell Latitude 7320 Detachable,120,120-tab,Technology & Accessories,Tablets,,,,,,,
2024-01-06,816,,105250-IT,837.28,2024,2024-01,Somerville,Massachusetts,Bo Heap,Northeast,Michael Jarvis,Realme Pad,120,120-tab,Technology & Accessories,Tablets,,,,,,,
2024-01-06,853,,105250-IT,837.28,2024,2024-01,Greenville,South Carolina,Len Jensen,South,Andy Gisselquist,Realme Pad,120,120-tab,Technology & Accessories,Tablets,,,,,,,
2024-01-10,853,,105250-IT,837.28,2024,2024-01,Greenville,South Carolina,Len Jensen,South,Andy Gisselquist,Realme Pad,120,120-tab,Technology & Accessories,Tablets,,,,,,,
2024-01-29,849,,105250-IT,837.28,2024,2024-01,Brooklyn,New York,See Ellefson,East,Ana Jilani,Realme Pad,120,120-tab,Technology & Accessories,Tablets,,,,,,,
2024-01-20,732,,105250-IT,837.28,2024,2024-01,Back River,Maryland,Shruti Reddy,Northeast,Michael Jarvis,Realme Pad,120,120-tab,Technology & Accessories,Tablets,,,,,,,
2024-01-23,717,,105250-IT,837.28,2024,2024-01,Thornton,Colorado,Jim Heck,West,Cassie Chambers,Realme Pad,120,120-tab,Technology & Accessories,Tablets,,,,,,,
2024-01-19,822,,105250-IT,837.28,2024,2024-01,Orono,Maine,Erbayne Middleton,Northeast,Michael Jarvis,Realme Pad,120,120-tab,Technology & Accessories,Tablets,,,,,,,
2024-01-19,736,,105250-IT,837.28,2024,2024-01,North Harford,Maryland,Shruti Reddy,Northeast,Michael Jarvis,Realme Pad,120,120-tab,Technology & Accessories,Tablets,,,,,,,
2024-01-03,736,,105250-IT,837.28,2024,2024-01,North Harford,Maryland,Shruti Reddy,Northeast,Michael Jarvis,Realme Pad,120,120-tab,Technology & Accessories,Tablets,,,,,,,
2024-01-10,838,,105250-IT,837.28,2024,2024-01,Trenton,New Jersey,Miami Vue,Northeast,Michael Jarvis,Realme Pad,120,120-tab,Technology & Accessories,Tablets,,,,,,,
2024-01-30,736,,105250-IT,837.28,2024,2024-01,North Harford,Maryland,Shruti Reddy,Northeast,Michael Jarvis,Realme Pad,120,120-tab,Technology & Accessories,Tablets,,,,,,,
2024-01-21,706,,105250-IT,837.28,2024,2024-01,Englewood,Colorado,Jim Heck,West,Cassie Chambers,Realme Pad,120,120-tab,Technology & Accessories,Tablets,,,,,,,
2024-01-29,847,,105250-IT,837.28,2024,2024-01,Rochester,New York,See Ellefson,East,Ana Jilani,Realme Pad,120,120-tab,Technology & Accessories,Tablets,,,,,,,
2024-01-03,820,,105250-IT,837.28,2024,2024-01,Kennebunkport,Maine,Erbayne Middleton,Northeast,Michael Jarvis,Realme Pad,120,120-tab,Technology & Accessories,Tablets,,,,,,,
2024-01-23,736,,105250-IT,837.28,2024,2024-01,North Harford,Maryland,Shruti Reddy,Northeast,Michael Jarvis,Realme Pad,120,120-tab,Technology & Accessories,Tablets,,,,,,,
2024-01-02,868,,105251-IT,827.45,2024,2024-01,Litchfield County,Connecticut,Ellen Lemon,East,Ana Jilani,Lenovo Tab P12 Pro,120,120-tab,Technology & Accessories,Tablets,,,,,,,
2024-01-09,719,,105251-IT,827.45,2024,2024-01,Cape Canaveral,Florida,Lana Ilana,South,Andy Gisselquist,Lenovo Tab P12 Pro,120,120-tab,Technology & Accessories,Tablets,,,,,,,
2024-01-27,735,,105251-IT,827.45,2024,2024-01,Howard,Maryland,Shruti Reddy,Northeast,Michael Jarvis,Lenovo Tab P12 Pro,120,120-tab,Technology & Accessories,Tablets,,,,,,,
2024-01-28,843,,105251-IT,827.45,2024,2024-01,Ithaca,New York,See Ellefson,East,Ana Jilani,Lenovo Tab P12 Pro,120,120-tab,Technology & Accessories,Tablets,,,,,,,
2024-01-19,736,,105251-IT,827.45,2024,2024-01,North Harford,Maryland,Shruti Reddy,Northeast,Michael Jarvis,Lenovo Tab P12 Pro,120,120-tab,Technology & Accessories,Tablets,,,,,,,
2024-01-13,736,,105251-IT,827.45,2024,2024-01,North Harford,Maryland,Shruti Reddy,Northeast,Michael Jarvis,Lenovo Tab P12 Pro,120,120-tab,Technology & Accessories,Tablets,,,,,,,
2024-01-05,871,,105251-IT,827.45,2024,2024-01,Old Saybrook,Connecticut,Ellen Lemon,East,Ana Jilani,Lenovo Tab P12 Pro,120,120-tab,Technology & Accessories,Tablets,,,,,,,
2024-01-19,733,,105251-IT,827.45,2024,2024-01,Baltimore,Maryland,Shruti Reddy,Northeast,Michael Jarvis,Lenovo Tab P12 Pro,120,120-tab,Technology & Accessories,Tablets,,,,,,,
2024-01-26,811,,105251-IT,827.45,2024,2024-01,New Bedford,Massachusetts,Bo Heap,Northeast,Michael Jarvis,Lenovo Tab P12 Pro,120,120-tab,Technology & Accessories,Tablets,,,,,,,
2024-01-20,823,,105251-IT,827.45,2024,2024-01,South Portland,Maine,Erbayne Middleton,Northeast,Michael Jarvis,Lenovo Tab P12 Pro,120,120-tab,Technology & Accessories,Tablets,,,,,,,
2024-01-01,812,,105251-IT,827.45,2024,2024-01,Northampton,Massachusetts,Bo Heap,Northeast,Michael Jarvis,Lenovo Tab P12 Pro,120,120-tab,Technology & Accessories,Tablets,,,,,,,
2024-01-30,865,310.0,105252-IT,815.0,2024,2024-01,Bridgeport,Connecticut,Ellen Lemon,East,Ana Jilani,Microsoft Surface Pro 9,120,120-tab,Technology & Accessories,Tablets,310.0,2023-03-10,09:35:45,Tara M.,tara@sunnydale.high,805-555-1109,N
2024-01-16,838,,105252-IT,815.0,2024,2024-01,Trenton,New Jersey,Miami Vue,Northeast,Michael Jarvis,Microsoft Surface Pro 9,120,120-tab,Technology & Accessories,Tablets,,,,,,,
2024-01-30,737,,105252-IT,815.0,2024,2024-01,Parkville,Maryland,Shruti Reddy,Northeast,Michael Jarvis,Microsoft Surface Pro 9,120,120-tab,Technology & Accessories,Tablets,,,,,,,
2024-01-09,807,,105252-IT,815.0,2024,2024-01,Leominster,Massachusetts,Bo Heap,Northeast,Michael Jarvis,Microsoft Surface Pro 9,120,120-tab,Technology & Accessories,Tablets,,,,,,,
2024-01-15,705,,105252-IT,815.0,2024,2024-01,Denver,Colorado,Jim Heck,West,Cassie Chambers,Microsoft Surface Pro 9,120,120-tab,Technology & Accessories,Tablets,,,,,,,
2024-01-12,736,,105252-IT,815.0,2024,2024-01,North Harford,Maryland,Shruti Reddy,Northeast,Michael Jarvis,Microsoft Surface Pro 9,120,120-tab,Technology & Accessories,Tablets,,,,,,,
2024-01-23,737,,105252-IT,815.0,2024,2024-01,Parkville,Maryland,Shruti Reddy,Northeast,Michael Jarvis,Microsoft Surface Pro 9,120,120-tab,Technology & Accessories,Tablets,,,,,,,
2024-01-15,736,,105252-IT,815.0,2024,2024-01,North Harford,Maryland,Shruti Reddy,Northeast,Michael Jarvis,Microsoft Surface Pro 9,120,120-tab,Technology & Accessories,Tablets,,,,,,,
2024-01-08,842,,105252-IT,815.0,2024,2024-01,Elmira,New York,See Ellefson,East,Ana Jilani,Microsoft Surface Pro 9,120,120-tab,Technology & Accessories,Tablets,,,,,,,
2024-01-29,847,,105252-IT,815.0,2024,2024-01,Rochester,New York,See Ellefson,East,Ana Jilani,Microsoft Surface Pro 9,120,120-tab,Technology & Accessories,Tablets,,,,,,,
2024-01-05,841,,105252-IT,815.0,2024,2024-01,Buffalo,New York,See Ellefson,East,Ana Jilani,Microsoft Surface Pro 9,120,120-tab,Technology & Accessories,Tablets,,,,,,,
2024-01-20,736,,105252-IT,815.0,2024,2024-01,North Harford,Maryland,Shruti Reddy,Northeast,Michael Jarvis,Microsoft Surface Pro 9,120,120-tab,Technology & Accessories,Tablets,,,,,,,
2024-01-26,840,,105252-IT,815.0,2024,2024-01,Albany,New York,See Ellefson,East,Ana Jilani,Microsoft Surface Pro 9,120,120-tab,Technology & Accessories,Tablets,,,,,,,
2024-01-25,817,,105252-IT,815.0,2024,2024-01,Worcester,Massachusetts,Bo Heap,Northeast,Michael Jarvis,Microsoft Surface Pro 9,120,120-tab,Technology & Accessories,Tablets,,,,,,,
2024-01-05,865,,105252-IT,815.0,2024,2024-01,Bridgeport,Connecticut,Ellen Lemon,East,Ana Jilani,Microsoft Surface Pro 9,120,120-tab,Technology & Accessories,Tablets,,,,,,,
2024-01-17,735,,105253-IT,801.88,2024,2024-01,Howard,Maryland,Shruti Reddy,Northeast,Michael Jarvis,"Apple iPad Pro (12.9-inch, M2)",120,120-tab,Technology & Accessories,Tablets,,,,,,,
2024-01-14,810,,105253-IT,801.88,2024,2024-01,Nantucket,Massachusetts,Bo Heap,Northeast,Michael Jarvis,"Apple iPad Pro (12.9-inch, M2)",120,120-tab,Technology & Accessories,Tablets,,,,,,,
2024-01-08,736,,105253-IT,801.88,2024,2024-01,North Harford,Maryland,Shruti Reddy,Northeast,Michael Jarvis,"Apple iPad Pro (12.9-inch, M2)",120,120-tab,Technology & Accessories,Tablets,,,,,,,
2024-01-13,736,,105253-IT,801.88,2024,2024-01,North Harford,Maryland,Shruti Reddy,Northeast,Michael Jarvis,"Apple iPad Pro (12.9-inch, M2)",120,120-tab,Technology & Accessories,Tablets,,,,,,,
2024-01-17,832,,105253-IT,801.88,2024,2024-01,Montclair,New Jersey,Miami Vue,Northeast,Michael Jarvis,"Apple iPad Pro (12.9-inch, M2)",120,120-tab,Technology & Accessories,Tablets,,,,,,,
2024-01-23,736,,105253-IT,801.88,2024,2024-01,North Harford,Maryland,Shruti Reddy,Northeast,Michael Jarvis,"Apple iPad Pro (12.9-inch, M2)",120,120-tab,Technology & Accessories,Tablets,,,,,,,
2024-01-11,905,,105253-IT,801.88,2024,2024-01,Beaumont,Texas,"Jeff ""Howdy"" Richards",South,Andy Gisselquist,"Apple iPad Pro (12.9-inch, M2)",120,120-tab,Technology & Accessories,Tablets,,,,,,,
2024-01-31,709,,105253-IT,801.88,2024,2024-01,Greeley,Colorado,Jim Heck,West,Cassie Chambers,"Apple iPad Pro (12.9-inch, M2)",120,120-tab,Technology & Accessories,Tablets,,,,,,,
2024-01-08,853,,105253-IT,801.88,2024,2024-01,Greenville,South Carolina,Len Jensen,South,Andy Gisselquist,"Apple iPad Pro (12.9-inch, M2)",120,120-tab,Technology & Accessories,Tablets,,,,,,,
2024-01-02,842,,105253-IT,801.88,2024,2024-01,Elmira,New York,See Ellefson,East,Ana Jilani,"Apple iPad Pro (12.9-inch, M2)",120,120-tab,Technology & Accessories,Tablets,,,,,,,
2024-01-19,823,,105253-IT,801.88,2024,2024-01,South Portland,Maine,Erbayne Middleton,Northeast,Michael Jarvis,"Apple iPad Pro (12.9-inch, M2)",120,120-tab,Technology & Accessories,Tablets,,,,,,,
2024-01-16,811,,105253-IT,801.88,2024,2024-01,New Bedford,Massachusetts,Bo Heap,Northeast,Michael Jarvis,"Apple iPad Pro (12.9-inch, M2)",120,120-tab,Technology & Accessories,Tablets,,,,,,,
2024-01-22,848,,105253-IT,801.88,2024,2024-01,Syracuse,New York,See Ellefson,East,Ana Jilani,"Apple iPad Pro (12.9-inch, M2)",120,120-tab,Technology & Accessories,Tablets,,,,,,,
2024-01-04,718,265.0,105253-IT,801.88,2024,2024-01,Wheat Ridge,Colorado,Jim Heck,West,Cassie Chambers,"Apple iPad Pro (12.9-inch, M2)",120,120-tab,Technology & Accessories,Tablets,265.0,2024-03-08,07:50:40,Beatrice Horseman,beatrice@hollywoo.net,323-555-1910,N
2024-01-05,736,389.0,105253-IT,801.88,2024,2024-01,North Harford,Maryland,Shruti Reddy,Northeast,Michael Jarvis,"Apple iPad Pro (12.9-inch, M2)",120,120-tab,Technology & Accessories,Tablets,389.0,2024-06-17,19:20:25,Cerie,cerie@tgs.nbc,212-555-1908,N
2024-01-15,705,,105253-IT,801.88,2024,2024-01,Denver,Colorado,Jim Heck,West,Cassie Chambers,"Apple iPad Pro (12.9-inch, M2)",120,120-tab,Technology & Accessories,Tablets,,,,,,,
2024-01-03,870,,105254-IT,798.8,2024,2024-01,New London,Connecticut,Ellen Lemon,East,Ana Jilani,Chuwi HiPad Max,120,120-tab,Technology & Accessories,Tablets,,,,,,,
2024-01-31,736,473.0,105254-IT,798.8,2024,2024-01,North Harford,Maryland,Shruti Reddy,Northeast,Michael Jarvis,Chuwi HiPad Max,120,120-tab,Technology & Accessories,Tablets,473.0,2023-04-02,12:45:55,Carmela Soprano,carmela@northjersey.net,201-555-2802,N
2024-01-05,724,,105254-IT,798.8,2024,2024-01,Miami,Florida,Lana Ilana,South,Andy Gisselquist,Chuwi HiPad Max,120,120-tab,Technology & Accessories,Tablets,,,,,,,
2024-01-04,710,,105254-IT,798.8,2024,2024-01,Lafayette,Colorado,Jim Heck,West,Cassie Chambers,Chuwi HiPad Max,120,120-tab,Technology & Accessories,Tablets,,,,,,,
2024-01-20,851,,105254-IT,798.8,2024,2024-01,Queens,New York,See Ellefson,East,Ana Jilani,Chuwi HiPad Max,120,120-tab,Technology & Accessories,Tablets,,,,,,,
2024-01-06,807,,105254-IT,798.8,2024,2024-01,Leominster,Massachusetts,Bo Heap,Northeast,Michael Jarvis,Chuwi HiPad Max,120,120-tab,Technology & Accessories,Tablets,,,,,,,
2024-01-10,736,,105254-IT,798.8,2024,2024-01,North Harford,Maryland,Shruti Reddy,Northeast,Michael Jarvis,Chuwi HiPad Max,120,120-tab,Technology & Accessories,Tablets,,,,,,,
2024-01-08,723,,105254-IT,798.8,2024,2024-01,Lakeland,Florida,Lana Ilana,South,Andy Gisselquist,Chuwi HiPad Max,120,120-tab,Technology & Accessories,Tablets,,,,,,,
2024-01-30,822,,105254-IT,798.8,2024,2024-01,Orono,Maine,Erbayne Middleton,Northeast,Michael Jarvis,Chuwi HiPad Max,120,120-tab,Technology & Accessories,Tablets,,,,,,,
2024-01-19,738,,105254-IT,798.8,2024,2024-01,Queen Anne's County,Maryland,Shruti Reddy,Northeast,Michael Jarvis,Chuwi HiPad Max,120,120-tab,Technology & Accessories,Tablets,,,,,,,
2024-01-25,869,,105254-IT,798.8,2024,2024-01,New Haven,Connecticut,Ellen Lemon,East,Ana Jilani,Chuwi HiPad Max,120,120-tab,Technology & Accessories,Tablets,,,,,,,
2024-01-20,720,,105254-IT,798.8,2024,2024-01,Fort Lauderdale,Florida,Lana Ilana,South,Andy Gisselquist,Chuwi HiPad Max,120,120-tab,Technology & Accessories,Tablets,,,,,,,
2024-01-14,802,,105254-IT,798.8,2024,2024-01,Falmouth,Massachusetts,Bo Heap,Northeast,Michael Jarvis,Chuwi HiPad Max,120,120-tab,Technology & Accessories,Tablets,,,,,,,
2024-01-26,832,,105254-IT,798.8,2024,2024-01,Montclair,New Jersey,Miami Vue,Northeast,Michael Jarvis,Chuwi HiPad Max,120,120-tab,Technology & Accessories,Tablets,,,,,,,
2024-01-07,713,389.0,105254-IT,798.8,2024,2024-01,Milliken,Colorado,Jim Heck,West,Cassie Chambers,Chuwi HiPad Max,120,120-tab,Technology & Accessories,Tablets,389.0,2024-06-17,19:20:25,Cerie,cerie@tgs.nbc,212-555-1908,N
2024-01-27,736,,105254-IT,798.8,2024,2024-01,North Harford,Maryland,Shruti Reddy,Northeast,Michael Jarvis,Chuwi HiPad Max,120,120-tab,Technology & Accessories,Tablets,,,,,,,
2024-01-21,802,,105255-IT,771.36,2024,2024-01,Falmouth,Massachusetts,Bo Heap,Northeast,Michael Jarvis,Lenovo Yoga Smart Tab,120,120-tab,Technology & Accessories,Tablets,,,,,,,
2024-01-16,736,,105255-IT,771.36,2024,2024-01,North Harford,Maryland,Shruti Reddy,Northeast,Michael Jarvis,Lenovo Yoga Smart Tab,120,120-tab,Technology & Accessories,Tablets,,,,,,,
2024-01-19,865,,105255-IT,771.36,2024,2024-01,Bridgeport,Connecticut,Ellen Lemon,East,Ana Jilani,Lenovo Yoga Smart Tab,120,120-tab,Technology & Accessories,Tablets,,,,,,,
2024-01-01,840,,105255-IT,771.36,2024,2024-01,Albany,New York,See Ellefson,East,Ana Jilani,Lenovo Yoga Smart Tab,120,120-tab,Technology & Accessories,Tablets,,,,,,,
2024-01-14,736,,105255-IT,771.36,2024,2024-01,North Harford,Maryland,Shruti Reddy,Northeast,Michael Jarvis,Lenovo Yoga Smart Tab,120,120-tab,Technology & Accessories,Tablets,,,,,,,
2024-01-19,903,262.0,105255-IT,771.36,2024,2024-01,Bacliff,Texas,"Jeff ""Howdy"" Richards",South,Andy Gisselquist,Lenovo Yoga Smart Tab,120,120-tab,Technology & Accessories,Tablets,262.0,2023-10-28,15:35:55,Hollyhock,hollyhock@hollywoo.net,323-555-1907,N
2024-01-19,720,,105255-IT,771.36,2024,2024-01,Fort Lauderdale,Florida,Lana Ilana,South,Andy Gisselquist,Lenovo Yoga Smart Tab,120,120-tab,Technology & Accessories,Tablets,,,,,,,
2024-01-28,801,,105255-IT,771.36,2024,2024-01,Attleboro,Massachusetts,Bo Heap,Northeast,Michael Jarvis,Lenovo Yoga Smart Tab,120,120-tab,Technology & Accessories,Tablets,,,,,,,
2024-01-05,906,,105255-IT,771.36,2024,2024-01,Cedar Park,Texas,"Jeff ""Howdy"" Richards",South,Andy Gisselquist,Lenovo Yoga Smart Tab,120,120-tab,Technology & Accessories,Tablets,,,,,,,
2024-01-08,736,,105255-IT,771.36,2024,2024-01,North Harford,Maryland,Shruti Reddy,Northeast,Michael Jarvis,Lenovo Yoga Smart Tab,120,120-tab,Technology & Accessories,Tablets,,,,,,,
2024-01-10,708,,105255-IT,771.36,2024,2024-01,Grand Junction,Colorado,Jim Heck,West,Cassie Chambers,Lenovo Yoga Smart Tab,120,120-tab,Technology & Accessories,Tablets,,,,,,,
2024-01-06,709,,105255-IT,771.36,2024,2024-01,Greeley,Colorado,Jim Heck,West,Cassie Chambers,Lenovo Yoga Smart Tab,120,120-tab,Technology & Accessories,Tablets,,,,,,,
2024-01-14,821,,105255-IT,771.36,2024,2024-01,Lewiston,Maine,Erbayne Middleton,Northeast,Michael Jarvis,Lenovo Yoga Smart Tab,120,120-tab,Technology & Accessories,Tablets,,,,,,,
2024-01-25,825,,105255-IT,771.36,2024,2024-01,Bayonne,New Jersey,Miami Vue,Northeast,Michael Jarvis,Lenovo Yoga Smart Tab,120,120-tab,Technology & Accessories,Tablets,,,,,,,
2024-01-13,734,,105256-IT,752.82,2024,2024-01,Germantown,Maryland,Shruti Reddy,Northeast,Michael Jarvis,ASUS Vivobook 13 Slate OLED,120,120-tab,Technology & Accessories,Tablets,,,,,,,
2024-01-09,817,,105256-IT,752.82,2024,2024-01,Worcester,Massachusetts,Bo Heap,Northeast,Michael Jarvis,ASUS Vivobook 13 Slate OLED,120,120-tab,Technology & Accessories,Tablets,,,,,,,
2024-01-18,736,,105256-IT,752.82,2024,2024-01,North Harford,Maryland,Shruti Reddy,Northeast,Michael Jarvis,ASUS Vivobook 13 Slate OLED,120,120-tab,Technology & Accessories,Tablets,,,,,,,
2024-01-22,710,,105256-IT,752.82,2024,2024-01,Lafayette,Colorado,Jim Heck,West,Cassie Chambers,ASUS Vivobook 13 Slate OLED,120,120-tab,Technology & Accessories,Tablets,,,,,,,
2024-01-05,870,,105256-IT,752.82,2024,2024-01,New London,Connecticut,Ellen Lemon,East,Ana Jilani,ASUS Vivobook 13 Slate OLED,120,120-tab,Technology & Accessories,Tablets,,,,,,,
2024-01-31,736,,105256-IT,752.82,2024,2024-01,North Harford,Maryland,Shruti Reddy,Northeast,Michael Jarvis,ASUS Vivobook 13 Slate OLED,120,120-tab,Technology & Accessories,Tablets,,,,,,,
2024-01-01,817,,105256-IT,752.82,2024,2024-01,Worcester,Massachusetts,Bo Heap,Northeast,Michael Jarvis,ASUS Vivobook 13 Slate OLED,120,120-tab,Technology & Accessories,Tablets,,,,,,,
2024-01-30,701,,105256-IT,752.82,2024,2024-01,Aurora,Colorado,Jim Heck,West,Cassie Chambers,ASUS Vivobook 13 Slate OLED,120,120-tab,Technology & Accessories,Tablets,,,,,,,
2024-01-20,718,,105256-IT,752.82,2024,2024-01,Wheat Ridge,Colorado,Jim Heck,West,Cassie Chambers,ASUS Vivobook 13 Slate OLED,120,120-tab,Technology & Accessories,Tablets,,,,,,,
2024-01-23,851,,105256-IT,752.82,2024,2024-01,Queens,New York,See Ellefson,East,Ana Jilani,ASUS Vivobook 13 Slate OLED,120,120-tab,Technology & Accessories,Tablets,,,,,,,
2024-01-15,708,,105256-IT,752.82,2024,2024-01,Grand Junction,Colorado,Jim Heck,West,Cassie Chambers,ASUS Vivobook 13 Slate OLED,120,120-tab,Technology & Accessories,Tablets,,,,,,,
2024-01-31,701,,105256-IT,752.82,2024,2024-01,Aurora,Colorado,Jim Heck,West,Cassie Chambers,ASUS Vivobook 13 Slate OLED,120,120-tab,Technology & Accessories,Tablets,,,,,,,
2024-01-02,828,,105256-IT,752.82,2024,2024-01,East Orange,New Jersey,Miami Vue,Northeast,Michael Jarvis,ASUS Vivobook 13 Slate OLED,120,120-tab,Technology & Accessories,Tablets,,,,,,,
2024-01-23,736,,105256-IT,752.82,2024,2024-01,North Harford,Maryland,Shruti Reddy,Northeast,Michael Jarvis,ASUS Vivobook 13 Slate OLED,120,120-tab,Technology & Accessories,Tablets,,,,,,,
2024-01-23,809,178.0,105256-IT,752.82,2024,2024-01,Lynn,Massachusetts,Bo Heap,Northeast,Michael Jarvis,ASUS Vivobook 13 Slate OLED,120,120-tab,Technology & Accessories,Tablets,178.0,2023-03-28,17:20:45,Pamela James,pam@wzhup.det,313-555-1103,N
2024-01-01,739,,105256-IT,752.82,2024,2024-01,Ridgely,Maryland,Shruti Reddy,Northeast,Michael Jarvis,ASUS Vivobook 13 Slate OLED,120,120-tab,Technology & Accessories,Tablets,,,,,,,
2024-01-16,705,,105257-IT,715.0,2024,2024-01,Denver,Colorado,Jim Heck,West,Cassie Chambers,Samsung Galaxy Tab S9 Ultra,120,120-tab,Technology & Accessories,Tablets,,,,,,,
2024-01-22,802,,105257-IT,715.0,2024,2024-01,Falmouth,Massachusetts,Bo Heap,Northeast,Michael Jarvis,Samsung Galaxy Tab S9 Ultra,120,120-tab,Technology & Accessories,Tablets,,,,,,,
2024-01-08,736,,105257-IT,715.0,2024,2024-01,North Harford,Maryland,Shruti Reddy,Northeast,Michael Jarvis,Samsung Galaxy Tab S9 Ultra,120,120-tab,Technology & Accessories,Tablets,,,,,,,
2024-01-13,871,,105257-IT,715.0,2024,2024-01,Old Saybrook,Connecticut,Ellen Lemon,East,Ana Jilani,Samsung Galaxy Tab S9 Ultra,120,120-tab,Technology & Accessories,Tablets,,,,,,,
2024-01-24,736,,105257-IT,715.0,2024,2024-01,North Harford,Maryland,Shruti Reddy,Northeast,Michael Jarvis,Samsung Galaxy Tab S9 Ultra,120,120-tab,Technology & Accessories,Tablets,,,,,,,
2024-01-26,723,,105257-IT,715.0,2024,2024-01,Lakeland,Florida,Lana Ilana,South,Andy Gisselquist,Samsung Galaxy Tab S9 Ultra,120,120-tab,Technology & Accessories,Tablets,,,,,,,
2024-01-13,830,,105257-IT,715.0,2024,2024-01,Hoboken,New Jersey,Miami Vue,Northeast,Michael Jarvis,Samsung Galaxy Tab S9 Ultra,120,120-tab,Technology & Accessories,Tablets,,,,,,,
2024-01-29,724,142.0,105257-IT,715.0,2024,2024-01,Miami,Florida,Lana Ilana,South,Andy Gisselquist,Samsung Galaxy Tab S9 Ultra,120,120-tab,Technology & Accessories,Tablets,142.0,2023-10-18,16:10:55,Nick Newman,nick@genoa.city,213-555-9707,N
2024-01-23,822,,105257-IT,715.0,2024,2024-01,Orono,Maine,Erbayne Middleton,Northeast,Michael Jarvis,Samsung Galaxy Tab S9 Ultra,120,120-tab,Technology & Accessories,Tablets,,,,,,,
2024-01-06,710,,105257-IT,715.0,2024,2024-01,Lafayette,Colorado,Jim Heck,West,Cassie Chambers,Samsung Galaxy Tab S9 Ultra,120,120-tab,Technology & Accessories,Tablets,,,,,,,
2024-01-01,843,,105257-IT,715.0,2024,2024-01,Ithaca,New York,See Ellefson,East,Ana Jilani,Samsung Galaxy Tab S9 Ultra,120,120-tab,Technology & Accessories,Tablets,,,,,,,
2024-01-11,736,,105257-IT,715.0,2024,2024-01,North Harford,Maryland,Shruti Reddy,Northeast,Michael Jarvis,Samsung Galaxy Tab S9 Ultra,120,120-tab,Technology & Accessories,Tablets,,,,,,,
2024-01-26,872,,105257-IT,715.0,2024,2024-01,Waterbury,Connecticut,Ellen Lemon,East,Ana Jilani,Samsung Galaxy Tab S9 Ultra,120,120-tab,Technology & Accessories,Tablets,,,,,,,
2024-01-19,807,,105257-IT,715.0,2024,2024-01,Leominster,Massachusetts,Bo Heap,Northeast,Michael Jarvis,Samsung Galaxy Tab S9 Ultra,120,120-tab,Technology & Accessories,Tablets,,,,,,,
2024-01-12,853,,105257-IT,715.0,2024,2024-01,Greenville,South Carolina,Len Jensen,South,Andy Gisselquist,Samsung Galaxy Tab S9 Ultra,120,120-tab,Technology & Accessories,Tablets,,,,,,,
2024-01-22,710,,105257-IT,715.0,2024,2024-01,Lafayette,Colorado,Jim Heck,West,Cassie Chambers,Samsung Galaxy Tab S9 Ultra,120,120-tab,Technology & Accessories,Tablets,,,,,,,
2024-01-10,701,,105258-IT,701.88,2024,2024-01,Aurora,Colorado,Jim Heck,West,Cassie Chambers,Apple iPad Air (10.9-inch),120,120-tab,Technology & Accessories,Tablets,,,,,,,
2024-01-09,903,308.0,105258-IT,701.88,2024,2024-01,Bacliff,Texas,"Jeff ""Howdy"" Richards",South,Andy Gisselquist,Apple iPad Air (10.9-inch),120,120-tab,Technology & Accessories,Tablets,308.0,2024-03-15,15:45:55,Spike,spike@sunnydale.high,805-555-1107,N
2024-01-03,827,,105258-IT,701.88,2024,2024-01,Clifton,New Jersey,Miami Vue,Northeast,Michael Jarvis,Apple iPad Air (10.9-inch),120,120-tab,Technology & Accessories,Tablets,,,,,,,
2024-01-20,910,,105258-IT,701.88,2024,2024-01,Fort Worth,Texas,"Jeff ""Howdy"" Richards",South,Andy Gisselquist,Apple iPad Air (10.9-inch),120,120-tab,Technology & Accessories,Tablets,,,,,,,
2024-01-30,801,,105258-IT,701.88,2024,2024-01,Attleboro,Massachusetts,Bo Heap,Northeast,Michael Jarvis,Apple iPad Air (10.9-inch),120,120-tab,Technology & Accessories,Tablets,,,,,,,
2024-01-17,866,,105258-IT,701.88,2024,2024-01,Darien,Connecticut,Ellen Lemon,East,Ana Jilani,Apple iPad Air (10.9-inch),120,120-tab,Technology & Accessories,Tablets,,,,,,,
2024-01-24,736,,105258-IT,701.88,2024,2024-01,North Harford,Maryland,Shruti Reddy,Northeast,Michael Jarvis,Apple iPad Air (10.9-inch),120,120-tab,Technology & Accessories,Tablets,,,,,,,
2024-01-16,726,,105258-IT,701.88,2024,2024-01,Orlando,Florida,Lana Ilana,South,Andy Gisselquist,Apple iPad Air (10.9-inch),120,120-tab,Technology & Accessories,Tablets,,,,,,,
2024-01-28,833,,105258-IT,701.88,2024,2024-01,Morristown,New Jersey,Miami Vue,Northeast,Michael Jarvis,Apple iPad Air (10.9-inch),120,120-tab,Technology & Accessories,Tablets,,,,,,,
2024-01-15,736,108.0,105258-IT,701.88,2024,2024-01,North Harford,Maryland,Shruti Reddy,Northeast,Michael Jarvis,Apple iPad Air (10.9-inch),120,120-tab,Technology & Accessories,Tablets,108.0,2023-05-02,17:15:45,Tina B.,tina@bobsburgers.rest,201-555-9403,N
2024-01-21,709,,105258-IT,701.88,2024,2024-01,Greeley,Colorado,Jim Heck,West,Cassie Chambers,Apple iPad Air (10.9-inch),120,120-tab,Technology & Accessories,Tablets,,,,,,,
2024-01-16,812,,105258-IT,701.88,2024,2024-01,Northampton,Massachusetts,Bo Heap,Northeast,Michael Jarvis,Apple iPad Air (10.9-inch),120,120-tab,Technology & Accessories,Tablets,,,,,,,
2024-01-21,715,,105258-IT,701.88,2024,2024-01,Parker,Colorado,Jim Heck,West,Cassie Chambers,Apple iPad Air (10.9-inch),120,120-tab,Technology & Accessories,Tablets,,,,,,,
2024-01-06,710,,105258-IT,701.88,2024,2024-01,Lafayette,Colorado,Jim Heck,West,Cassie Chambers,Apple iPad Air (10.9-inch),120,120-tab,Technology & Accessories,Tablets,,,,,,,
2024-01-09,867,,105258-IT,701.88,2024,2024-01,Hartford,Connecticut,Ellen Lemon,East,Ana Jilani,Apple iPad Air (10.9-inch),120,120-tab,Technology & Accessories,Tablets,,,,,,,
2024-01-25,736,,105258-IT,701.88,2024,2024-01,North Harford,Maryland,Shruti Reddy,Northeast,Michael Jarvis,Apple iPad Air (10.9-inch),120,120-tab,Technology & Accessories,Tablets,,,,,,,
2024-01-04,710,,105258-IT,701.88,2024,2024-01,Lafayette,Colorado,Jim Heck,West,Cassie Chambers,Apple iPad Air (10.9-inch),120,120-tab,Technology & Accessories,Tablets,,,,,,,
2024-01-07,911,,105258-IT,701.88,2024,2024-01,Georgetown,Texas,"Jeff ""Howdy"" Richards",South,Andy Gisselquist,Apple iPad Air (10.9-inch),120,120-tab,Technology & Accessories,Tablets,,,,,,,
2024-01-14,736,,105258-IT,701.88,2024,2024-01,North Harford,Maryland,Shruti Reddy,Northeast,Michael Jarvis,Apple iPad Air (10.9-inch),120,120-tab,Technology & Accessories,Tablets,,,,,,,
2024-01-18,805,512.0,105258-IT,701.88,2024,2024-01,Hingham,Massachusetts,Bo Heap,Northeast,Michael Jarvis,Apple iPad Air (10.9-inch),120,120-tab,Technology & Accessories,Tablets,512.0,2023-02-10,08:25:15,Phineas Flynn,phineas@danvillekids.com,555-555-3201,N
2024-01-10,736,,105259-IT,698.8,2024,2024-01,North Harford,Maryland,Shruti Reddy,Northeast,Michael Jarvis,Teclast T40 Pro,120,120-tab,Technology & Accessories,Tablets,,,,,,,
2024-01-16,814,,105259-IT,698.8,2024,2024-01,Provincetown,Massachusetts,Bo Heap,Northeast,Michael Jarvis,Teclast T40 Pro,120,120-tab,Technology & Accessories,Tablets,,,,,,,
2024-01-21,704,,105259-IT,698.8,2024,2024-01,Castle Rock,Colorado,Jim Heck,West,Cassie Chambers,Teclast T40 Pro,120,120-tab,Technology & Accessories,Tablets,,,,,,,
2024-01-30,871,,105259-IT,698.8,2024,2024-01,Old Saybrook,Connecticut,Ellen Lemon,East,Ana Jilani,Teclast T40 Pro,120,120-tab,Technology & Accessories,Tablets,,,,,,,
2024-01-25,822,,105259-IT,698.8,2024,2024-01,Orono,Maine,Erbayne Middleton,Northeast,Michael Jarvis,Teclast T40 Pro,120,120-tab,Technology & Accessories,Tablets,,,,,,,
2024-01-07,718,,105259-IT,698.8,2024,2024-01,Wheat Ridge,Colorado,Jim Heck,West,Cassie Chambers,Teclast T40 Pro,120,120-tab,Technology & Accessories,Tablets,,,,,,,
2024-01-19,818,157.0,105259-IT,698.8,2024,2024-01,Bangor,Maine,Erbayne Middleton,Northeast,Michael Jarvis,Teclast T40 Pro,120,120-tab,Technology & Accessories,Tablets,157.0,2023-05-25,12:35:30,Sergeant Wilson,wilson@lapd.gov,213-555-9902,N
2024-01-05,851,,105259-IT,698.8,2024,2024-01,Queens,New York,See Ellefson,East,Ana Jilani,Teclast T40 Pro,120,120-tab,Technology & Accessories,Tablets,,,,,,,
2024-01-20,736,,105259-IT,698.8,2024,2024-01,North Harford,Maryland,Shruti Reddy,Northeast,Michael Jarvis,Teclast T40 Pro,120,120-tab,Technology & Accessories,Tablets,,,,,,,
2024-01-01,822,,105259-IT,698.8,2024,2024-01,Orono,Maine,Erbayne Middleton,Northeast,Michael Jarvis,Teclast T40 Pro,120,120-tab,Technology & Accessories,Tablets,,,,,,,
2024-01-01,806,,105259-IT,698.8,2024,2024-01,Holyoke,Massachusetts,Bo Heap,Northeast,Michael Jarvis,Teclast T40 Pro,120,120-tab,Technology & Accessories,Tablets,,,,,,,
2024-01-05,736,,105259-IT,698.8,2024,2024-01,North Harford,Maryland,Shruti Reddy,Northeast,Michael Jarvis,Teclast T40 Pro,120,120-tab,Technology & Accessories,Tablets,,,,,,,
2024-01-13,853,,105259-IT,698.8,2024,2024-01,Greenville,South Carolina,Len Jensen,South,Andy Gisselquist,Teclast T40 Pro,120,120-tab,Technology & Accessories,Tablets,,,,,,,
2024-01-18,908,,105259-IT,698.8,2024,2024-01,Denton,Texas,"Jeff ""Howdy"" Richards",South,Andy Gisselquist,Teclast T40 Pro,120,120-tab,Technology & Accessories,Tablets,,,,,,,
2024-01-22,866,,105259-IT,698.8,2024,2024-01,Darien,Connecticut,Ellen Lemon,East,Ana Jilani,Teclast T40 Pro,120,120-tab,Technology & Accessories,Tablets,,,,,,,
2024-01-12,714,,105259-IT,698.8,2024,2024-01,New Castle,Colorado,Jim Heck,West,Cassie Chambers,Teclast T40 Pro,120,120-tab,Technology & Accessories,Tablets,,,,,,,
2024-01-17,850,,105259-IT,698.8,2024,2024-01,New York,New York,See Ellefson,East,Ana Jilani,Teclast T40 Pro,120,120-tab,Technology & Accessories,Tablets,,,,,,,
2024-01-20,802,,105260-IT,652.9,2024,2024-01,Falmouth,Massachusetts,Bo Heap,Northeast,Michael Jarvis,Acer Enduro Urban T1,120,120-tab,Technology & Accessories,Tablets,,,,,,,
2024-01-05,730,,105260-IT,652.9,2024,2024-01,Boston,Massachusetts,Bo Heap,Northeast,Michael Jarvis,Acer Enduro Urban T1,120,120-tab,Technology & Accessories,Tablets,,,,,,,
2024-01-14,725,,105260-IT,652.9,2024,2024-01,Naples,Florida,Lana Ilana,South,Andy Gisselquist,Acer Enduro Urban T1,120,120-tab,Technology & Accessories,Tablets,,,,,,,
2024-01-26,736,,105260-IT,652.9,2024,2024-01,North Harford,Maryland,Shruti Reddy,Northeast,Michael Jarvis,Acer Enduro Urban T1,120,120-tab,Technology & Accessories,Tablets,,,,,,,
2024-01-14,833,,105260-IT,652.9,2024,2024-01,Morristown,New Jersey,Miami Vue,Northeast,Michael Jarvis,Acer Enduro Urban T1,120,120-tab,Technology & Accessories,Tablets,,,,,,,
2024-01-05,835,281.0,105260-IT,652.9,2024,2024-01,Newark,New Jersey,Miami Vue,Northeast,Michael Jarvis,Acer Enduro Urban T1,120,120-tab,Technology & Accessories,Tablets,281.0,2023-09-22,13:30:30,Will Reeves,hoodedjustice@keenecounty.police,918-555-2106,N
2024-01-30,736,,105260-IT,652.9,2024,2024-01,North Harford,Maryland,Shruti Reddy,Northeast,Michael Jarvis,Acer Enduro Urban T1,120,120-tab,Technology & Accessories,Tablets,,,,,,,
2024-01-19,724,,105260-IT,652.9,2024,2024-01,Miami,Florida,Lana Ilana,South,Andy Gisselquist,Acer Enduro Urban T1,120,120-tab,Technology & Accessories,Tablets,,,,,,,
2024-01-30,846,,105260-IT,652.9,2024,2024-01,Poestenkill,New York,See Ellefson,East,Ana Jilani,Acer Enduro Urban T1,120,120-tab,Technology & Accessories,Tablets,,,,,,,
2024-01-09,843,,105260-IT,652.9,2024,2024-01,Ithaca,New York,See Ellefson,East,Ana Jilani,Acer Enduro Urban T1,120,120-tab,Technology & Accessories,Tablets,,,,,,,
2024-01-18,736,,105260-IT,652.9,2024,2024-01,North Harford,Maryland,Shruti Reddy,Northeast,Michael Jarvis,Acer Enduro Urban T1,120,120-tab,Technology & Accessories,Tablets,,,,,,,
2024-01-24,849,,105260-IT,652.9,2024,2024-01,Brooklyn,New York,See Ellefson,East,Ana Jilani,Acer Enduro Urban T1,120,120-tab,Technology & Accessories,Tablets,,,,,,,
2024-01-23,736,,105260-IT,652.9,2024,2024-01,North Harford,Maryland,Shruti Reddy,Northeast,Michael Jarvis,Acer Enduro Urban T1,120,120-tab,Technology & Accessories,Tablets,,,,,,,
2024-01-29,723,,105260-IT,652.9,2024,2024-01,Lakeland,Florida,Lana Ilana,South,Andy Gisselquist,Acer Enduro Urban T1,120,120-tab,Technology & Accessories,Tablets,,,,,,,
2024-01-16,710,520.0,105260-IT,652.9,2024,2024-01,Lafayette,Colorado,Jim Heck,West,Cassie Chambers,Acer Enduro Urban T1,120,120-tab,Technology & Accessories,Tablets,520.0,2023-05-18,13:45:15,Vanessa D.,vanessa@danvillekids.com,555-555-3209,N
2024-01-08,729,,105261-IT,622.32,2024,2024-01,Tampa,Florida,Lana Ilana,South,Andy Gisselquist,Samsung Galaxy Tab A8,120,120-tab,Technology & Accessories,Tablets,,,,,,,
2024-01-21,839,293.0,105261-IT,622.32,2024,2024-01,Vineland,New Jersey,Miami Vue,Northeast,Michael Jarvis,Samsung Galaxy Tab A8,120,120-tab,Technology & Accessories,Tablets,293.0,2023-11-02,17:55:45,Wesley Crusher,wesley@enterprise.starfleet,1701-555-2208,N
2024-01-02,736,,105261-IT,622.32,2024,2024-01,North Harford,Maryland,Shruti Reddy,Northeast,Michael Jarvis,Samsung Galaxy Tab A8,120,120-tab,Technology & Accessories,Tablets,,,,,,,
2024-01-06,838,,105261-IT,622.32,2024,2024-01,Trenton,New Jersey,Miami Vue,Northeast,Michael Jarvis,Samsung Galaxy Tab A8,120,120-tab,Technology & Accessories,Tablets,,,,,,,
2024-01-19,818,,105261-IT,622.32,2024,2024-01,Bangor,Maine,Erbayne Middleton,Northeast,Michael Jarvis,Samsung Galaxy Tab A8,120,120-tab,Technology & Accessories,Tablets,,,,,,,
2024-01-27,705,,105261-IT,622.32,2024,2024-01,Denver,Colorado,Jim Heck,West,Cassie Chambers,Samsung Galaxy Tab A8,120,120-tab,Technology & Accessories,Tablets,,,,,,,
2024-01-06,736,343.0,105261-IT,622.32,2024,2024-01,North Harford,Maryland,Shruti Reddy,Northeast,Michael Jarvis,Samsung Galaxy Tab A8,120,120-tab,Technology & Accessories,Tablets,343.0,2023-05-27,12:50:45,Jules Vaughn,jules@easthighland.high,626-555-1502,N
2024-01-12,816,,105261-IT,622.32,2024,2024-01,Somerville,Massachusetts,Bo Heap,Northeast,Michael Jarvis,Samsung Galaxy Tab A8,120,120-tab,Technology & Accessories,Tablets,,,,,,,
2024-01-20,705,,105261-IT,622.32,2024,2024-01,Denver,Colorado,Jim Heck,West,Cassie Chambers,Samsung Galaxy Tab A8,120,120-tab,Technology & Accessories,Tablets,,,,,,,
2024-01-24,705,,105261-IT,622.32,2024,2024-01,Denver,Colorado,Jim Heck,West,Cassie Chambers,Samsung Galaxy Tab A8,120,120-tab,Technology & Accessories,Tablets,,,,,,,
2024-01-12,736,,105261-IT,622.32,2024,2024-01,North Harford,Maryland,Shruti Reddy,Northeast,Michael Jarvis,Samsung Galaxy Tab A8,120,120-tab,Technology & Accessories,Tablets,,,,,,,
2024-01-27,725,,105261-IT,622.32,2024,2024-01,Naples,Florida,Lana Ilana,South,Andy Gisselquist,Samsung Galaxy Tab A8,120,120-tab,Technology & Accessories,Tablets,,,,,,,
2024-01-16,736,,105261-IT,622.32,2024,2024-01,North Harford,Maryland,Shruti Reddy,Northeast,Michael Jarvis,Samsung Galaxy Tab A8,120,120-tab,Technology & Accessories,Tablets,,,,,,,
2024-01-04,715,,105261-IT,622.32,2024,2024-01,Parker,Colorado,Jim Heck,West,Cassie Chambers,Samsung Galaxy Tab A8,120,120-tab,Technology & Accessories,Tablets,,,,,,,
2024-01-04,711,,105261-IT,622.32,2024,2024-01,Littleton,Colorado,Jim Heck,West,Cassie Chambers,Samsung Galaxy Tab A8,120,120-tab,Technology & Accessories,Tablets,,,,,,,
2024-01-06,851,,105261-IT,622.32,2024,2024-01,Queens,New York,See Ellefson,East,Ana Jilani,Samsung Galaxy Tab A8,120,120-tab,Technology & Accessories,Tablets,,,,,,,
2024-01-07,736,,105261-IT,622.32,2024,2024-01,North Harford,Maryland,Shruti Reddy,Northeast,Michael Jarvis,Samsung Galaxy Tab A8,120,120-tab,Technology & Accessories,Tablets,,,,,,,
2024-01-07,710,,105261-IT,622.32,2024,2024-01,Lafayette,Colorado,Jim Heck,West,Cassie Chambers,Samsung Galaxy Tab A8,120,120-tab,Technology & Accessories,Tablets,,,,,,,
2024-01-13,801,,105262-IT,603.5,2024,2024-01,Attleboro,Massachusetts,Bo Heap,Northeast,Michael Jarvis,Apple iPad Mini,120,120-tab,Technology & Accessories,Tablets,,,,,,,
2024-01-02,726,,105262-IT,603.5,2024,2024-01,Orlando,Florida,Lana Ilana,South,Andy Gisselquist,Apple iPad Mini,120,120-tab,Technology & Accessories,Tablets,,,,,,,
2024-01-15,728,,105262-IT,603.5,2024,2024-01,Tallahassee,Florida,Lana Ilana,South,Andy Gisselquist,Apple iPad Mini,120,120-tab,Technology & Accessories,Tablets,,,,,,,
2024-01-28,869,,105262-IT,603.5,2024,2024-01,New Haven,Connecticut,Ellen Lemon,East,Ana Jilani,Apple iPad Mini,120,120-tab,Technology & Accessories,Tablets,,,,,,,
2024-01-07,724,,105262-IT,603.5,2024,2024-01,Miami,Florida,Lana Ilana,South,Andy Gisselquist,Apple iPad Mini,120,120-tab,Technology & Accessories,Tablets,,,,,,,
2024-01-22,714,,105262-IT,603.5,2024,2024-01,New Castle,Colorado,Jim Heck,West,Cassie Chambers,Apple iPad Mini,120,120-tab,Technology & Accessories,Tablets,,,,,,,
2024-01-31,714,,105262-IT,603.5,2024,2024-01,New Castle,Colorado,Jim Heck,West,Cassie Chambers,Apple iPad Mini,120,120-tab,Technology & Accessories,Tablets,,,,,,,
2024-01-06,807,,105262-IT,603.5,2024,2024-01,Leominster,Massachusetts,Bo Heap,Northeast,Michael Jarvis,Apple iPad Mini,120,120-tab,Technology & Accessories,Tablets,,,,,,,
2024-01-30,910,,105262-IT,603.5,2024,2024-01,Fort Worth,Texas,"Jeff ""Howdy"" Richards",South,Andy Gisselquist,Apple iPad Mini,120,120-tab,Technology & Accessories,Tablets,,,,,,,
2024-01-23,717,,105262-IT,603.5,2024,2024-01,Thornton,Colorado,Jim Heck,West,Cassie Chambers,Apple iPad Mini,120,120-tab,Technology & Accessories,Tablets,,,,,,,
2024-01-06,736,,105262-IT,603.5,2024,2024-01,North Harford,Maryland,Shruti Reddy,Northeast,Michael Jarvis,Apple iPad Mini,120,120-tab,Technology & Accessories,Tablets,,,,,,,
2024-01-30,718,,105262-IT,603.5,2024,2024-01,Wheat Ridge,Colorado,Jim Heck,West,Cassie Chambers,Apple iPad Mini,120,120-tab,Technology & Accessories,Tablets,,,,,,,
2024-01-11,736,,105262-IT,603.5,2024,2024-01,North Harford,Maryland,Shruti Reddy,Northeast,Michael Jarvis,Apple iPad Mini,120,120-tab,Technology & Accessories,Tablets,,,,,,,
2024-01-05,825,,105262-IT,603.5,2024,2024-01,Bayonne,New Jersey,Miami Vue,Northeast,Michael Jarvis,Apple iPad Mini,120,120-tab,Technology & Accessories,Tablets,,,,,,,
2024-01-29,815,,105262-IT,603.5,2024,2024-01,Quincy,Massachusetts,Bo Heap,Northeast,Michael Jarvis,Apple iPad Mini,120,120-tab,Technology & Accessories,Tablets,,,,,,,
2024-01-04,851,,105262-IT,603.5,2024,2024-01,Queens,New York,See Ellefson,East,Ana Jilani,Apple iPad Mini,120,120-tab,Technology & Accessories,Tablets,,,,,,,
2024-01-15,847,,105262-IT,603.5,2024,2024-01,Rochester,New York,See Ellefson,East,Ana Jilani,Apple iPad Mini,120,120-tab,Technology & Accessories,Tablets,,,,,,,
2024-01-13,736,,105262-IT,603.5,2024,2024-01,North Harford,Maryland,Shruti Reddy,Northeast,Michael Jarvis,Apple iPad Mini,120,120-tab,Technology & Accessories,Tablets,,,,,,,
